device_id,device_password,latitude,longitude,charge
69a67a66-467b-4b91-8f51-0d791871e241,rocky,13.083200000000001,80.27120000000001,100
27664934-93e2-41d2-ab73-d63e7e23c8a0,rocky,13.083300000000001,80.27130000000001,100
52e8333a-61b7-468d-86fd-b51b75d7eaa3,rocky,13.083400000000001,80.2714,100
e028c0cd-570b-47be-962a-bdd5d175e1c7,rocky,13.0835,80.2715,100
674ed3a2-8893-4f63-a8e5-9b638e46e214,rocky,13.0836,80.2716,100
ed2a6030-5305-4ea6-8f9f-b436b837b4b7,rocky,13.0837,80.27170000000001,100
c0467055-6e14-4031-ab44-24995725943a,rocky,13.0838,80.2718,100
19246730-9111-45d7-8a26-2866d21b5109,rocky,13.083900000000002,80.2719,100
6086ebde-f86e-4c0a-b506-d1d24cc97bf8,rocky,13.084000000000001,80.272,100
470673fb-3da5-41a8-84dc-ee4cd69c5dc1,rocky,13.084100000000001,80.27210000000001,100
ed11ca37-8a47-4b46-8953-cca9582dcb59,rocky,13.084200000000001,80.2722,100
152acb57-92bf-4422-af1c-04655f01912d,rocky,13.0843,80.2723,100
58985065-0c7b-43dd-8cfd-09b94b2e5f3a,rocky,13.0844,80.2724,100
1f15fe60-8c58-4f57-a878-02b2f99fb0ba,rocky,13.0845,80.27250000000001,100
b24289dc-2033-4af4-bd66-568d1e06a87c,rocky,13.0846,80.27260000000001,100
db3eb0b2-89bb-4f13-89aa-d030b167dd0f,rocky,13.084700000000002,80.2727,100
14a0fe52-e92d-4db7-99aa-fcd895753e51,rocky,13.084800000000001,80.2728,100
ab0169d7-b9db-46c3-9182-582f189c055c,rocky,13.084900000000001,80.2729,100
e664a963-0e98-4c7a-a39c-ad05c7050521,rocky,13.085,80.27300000000001,100
90b93fdb-40eb-4a68-ae39-5926e9e8fd0e,rocky,13.0851,80.2731,100
7db221af-4817-4ff5-85fb-e5ab544f8328,rocky,13.0852,80.2732,100
3c330d65-28bb-4037-a6f2-e49ececf29a5,rocky,13.0853,80.2733,100
6e469fb3-ca1e-4f21-9fb3-fa397b544b02,rocky,13.085400000000002,80.27340000000001,100
61498d7b-233e-44ea-a5d6-94aae8e18553,rocky,13.085500000000001,80.2735,100
67abdf1f-33d5-49e5-8824-5f319739edbb,rocky,13.085600000000001,80.2736,100
6824205d-2c8b-4c32-b743-254fe1412248,rocky,13.085700000000001,80.2737,100
5a2868cb-6b2f-4b37-afd2-2f59b419d617,rocky,13.0858,80.27380000000001,100
d097700f-4a05-4eb4-94c9-a91fb9e58680,rocky,13.0859,80.27390000000001,100
555891fb-5afc-4aa5-8cd9-2f25a40ff31f,rocky,13.086,80.274,100
386d6f95-f26a-4a0c-a7a2-c74f52a33128,rocky,13.0861,80.2741,100
d6254cc5-bee3-436a-b257-9286e82f7d65,rocky,13.086200000000002,80.27420000000001,100
272a11a5-c80a-4d0b-97a4-dc5f404422b9,rocky,13.086300000000001,80.27430000000001,100
3ffb536e-6ae2-4b41-91cb-65f311f07c87,rocky,13.086400000000001,80.2744,100
100137fc-4bd9-4d83-9205-18e8cc77b790,rocky,13.086500000000001,80.2745,100
80b17e71-78c8-418c-b46c-59e8b19f837d,rocky,13.0866,80.2746,100
72077501-2e54-4a02-af08-1db1a4db64ae,rocky,13.0867,80.27470000000001,100
5d1a0576-a201-495f-98eb-5f9e987a27de,rocky,13.0868,80.2748,100
68725ebc-d9a3-4efc-a23f-fd9b31a6f403,rocky,13.086900000000002,80.2749,100
f1c400cd-41b6-4853-9a91-d8373b7b5221,rocky,13.087000000000002,80.275,100
cde88379-94ef-4df3-8aea-0dcd71374534,rocky,13.087100000000001,80.27510000000001,100
cd60cc13-1b4a-46b3-96b4-eec8e7aadcaf,rocky,13.087200000000001,80.2752,100
d1c65542-ff62-4d7d-ab10-79bd5e3f95d0,rocky,13.0873,80.2753,100
1a2019bd-0179-458b-b2e4-4a160fa7c883,rocky,13.0874,80.2754,100
c70389b3-b4e8-492d-b848-87803bec1197,rocky,13.0875,80.27550000000001,100
9b3eab6b-d15c-44e4-9a38-18bcd33d62d5,rocky,13.0876,80.27560000000001,100
e367b4e7-bedc-4dd5-9297-8b9390f89606,rocky,13.087700000000002,80.2757,100
42349354-2ddd-462d-98d1-8a2a47921cf4,rocky,13.087800000000001,80.2758,100
2bc9e7c1-14bd-4a78-938e-cc202adb3aa4,rocky,13.087900000000001,80.27590000000001,100
e8849d29-f93e-40ed-8573-1eec09e229ce,rocky,13.088000000000001,80.27600000000001,100
cefa4fc1-b17d-4c79-8c5e-a6d866f67905,rocky,13.0881,80.2761,100
59fb1057-6df0-4101-8c65-fdfcfa71076d,rocky,13.0882,80.2762,100
bed2ad27-da58-4576-a402-ce58ec7cef1c,rocky,13.0883,80.2763,100
7b52371f-a657-4cd7-a118-01cd30511e9c,rocky,13.0884,80.27640000000001,100
1087b8ae-ab95-422f-b295-6deab28e0604,rocky,13.088500000000002,80.2765,100
10841e7c-5a5f-41f1-a383-5d3c3876db3a,rocky,13.088600000000001,80.2766,100
7e86c768-88fe-4195-a4fa-2e12becb9a1f,rocky,13.088700000000001,80.2767,100
01339252-e46e-4365-8432-1698cf5a24bf,rocky,13.0888,80.27680000000001,100
e3220de9-06a9-4510-84d6-41ce4de18c27,rocky,13.0889,80.27690000000001,100
8781e374-4f36-4a8d-9981-79034d646d0e,rocky,13.089,80.277,100
3707d92b-3efa-40db-a980-c914341c7254,rocky,13.0891,80.2771,100
10de38dc-5f48-406d-8484-56c2161aa85f,rocky,13.089200000000002,80.27720000000001,100
e2611eeb-9049-4622-a490-21999fd9c137,rocky,13.089300000000001,80.27730000000001,100
6cd22043-9bdc-44d4-925c-ce9536cd5ac3,rocky,13.089400000000001,80.2774,100
c9d583af-ec53-4855-9ae7-c1e40b988f4e,rocky,13.089500000000001,80.2775,100
d9ba0c2f-acf7-4182-8cf7-439eb9621d01,rocky,13.0896,80.2776,100
b07d619c-6265-47a3-ab26-bd3456db30c6,rocky,13.0897,80.27770000000001,100
e74c641d-6ec9-4d61-bfc8-e88f6813bc58,rocky,13.0898,80.2778,100
6d525317-f472-408a-b9a3-f3c648a5af4b,rocky,13.0899,80.2779,100
333eaac1-1971-4c40-a059-d0db2e39e42b,rocky,13.090000000000002,80.278,100
cca7cdfa-2364-4818-b91f-6165317901a1,rocky,13.090100000000001,80.27810000000001,100
845d3d19-25bb-4697-8f8d-d92bfc169ec9,rocky,13.090200000000001,80.2782,100
295dcd1d-8fce-4a73-985c-d24f4d9a509a,rocky,13.090300000000001,80.2783,100
090edbf6-0459-4240-9077-18a7c99adc77,rocky,13.0904,80.2784,100
b557e237-f51b-4269-a9c9-4df62dc20b19,rocky,13.0905,80.27850000000001,100
03c104f7-e18d-4763-87b6-db8c3409de5c,rocky,13.0906,80.27860000000001,100
a7298b3a-feea-4321-b345-e2db70a7562a,rocky,13.0907,80.2787,100
ff10a7a6-e4da-4280-b9f5-bc68c0bd14a5,rocky,13.090800000000002,80.2788,100
6fb214e0-e976-413d-afe1-0b7c1d3347a0,rocky,13.090900000000001,80.27890000000001,100
e5328918-5a3f-438c-b7c2-a45664b41740,rocky,13.091000000000001,80.27900000000001,100
e0dd5a53-c0b7-44a1-a46f-deea93893df5,rocky,13.0911,80.2791,100
170ac715-ec35-4aff-81c1-858ec5a14c92,rocky,13.0912,80.2792,100
2f2662c0-d6e2-4339-bdf1-578b49e82051,rocky,13.0913,80.2793,100
18fd6417-4dea-4dec-88d3-d0fe80d510b9,rocky,13.0914,80.27940000000001,100
a3577363-810f-4713-8e25-2059b2c9889e,rocky,13.091500000000002,80.2795,100
f8d5a7b7-b78b-437e-9f28-9176defbf8e7,rocky,13.091600000000001,80.2796,100
a4addcce-7347-4d58-ad28-e5021fe818e0,rocky,13.091700000000001,80.2797,100
6c056b5a-cb0e-4473-8724-1984e013e646,rocky,13.091800000000001,80.27980000000001,100
9c50b305-74ff-4b9b-84f2-26ba4831a5ba,rocky,13.0919,80.27990000000001,100
17690f4a-d8e9-469c-a5f9-d29854582615,rocky,13.092,80.28,100
ca90817c-49ce-4825-907f-493efd130d71,rocky,13.0921,80.2801,100
b5c1fe14-b42a-46bc-9983-94cda97d5550,rocky,13.0922,80.28020000000001,100
24cdf15c-b0fd-4ba5-a1e2-a2e07f63af22,rocky,13.092300000000002,80.28030000000001,100
c8453861-e49d-4f50-9fbc-cd22f0b3f32c,rocky,13.092400000000001,80.2804,100
03a5cab5-c54e-4ff5-9213-b711d8bbe6db,rocky,13.092500000000001,80.2805,100
bee5606e-b856-45f2-a614-5faaea7e8b31,rocky,13.092600000000001,80.2806,100
31e8bc61-25db-41fa-a78d-89199510cff7,rocky,13.0927,80.28070000000001,100
0ce9330d-a648-4c79-b180-58e1b7e6a13a,rocky,13.0928,80.2808,100
dc8d4232-71c0-4e16-ab26-d92773f1cad9,rocky,13.0929,80.2809,100
5c6e73e3-13f4-4d98-b116-69b57e218c51,rocky,13.093000000000002,80.281,100
c037d415-56bc-40d6-a77c-73d6cd3e9193,rocky,13.093100000000002,80.28110000000001,100
47f5ce1a-6287-40d3-b3d7-70ee583a5add,rocky,13.093200000000001,80.2812,100
583b66ac-0d43-4771-9264-165a9b97541d,rocky,13.093300000000001,80.2813,100
99247dfc-cee4-4de8-b3ad-b84c2a2aa2ae,rocky,13.0934,80.2814,100
8246e287-c1ef-4b1a-bb80-53e4a9f73845,rocky,13.0935,80.28150000000001,100
6e1f7d5f-5e36-4b11-9cd4-08d23addfa75,rocky,13.0936,80.28160000000001,100
3e9f4eb7-765a-4836-96b7-0f0b75760fc1,rocky,13.0937,80.2817,100
3a3cfe2a-0176-44a3-8d39-43ae3d32ad1d,rocky,13.093800000000002,80.2818,100
514ae665-2096-4718-916c-2ab1263ed1f1,rocky,13.093900000000001,80.28190000000001,100
af2b2b64-8ae7-4c8f-859a-4c1f02e32e2c,rocky,13.094000000000001,80.28200000000001,100
d3b8149b-6e73-40f8-ae5a-6a28dfdf5fbe,rocky,13.094100000000001,80.2821,100
f2ddc315-0508-4182-8d47-a7f9e1c0b33e,rocky,13.0942,80.2822,100
ff98e2b3-ecf8-4934-b858-eb872cf607f7,rocky,13.0943,80.2823,100
8c961f57-3081-4211-9beb-598352fb27e4,rocky,13.0944,80.28240000000001,100
55be99c0-a4c3-4978-ba66-88cf84e0ea6d,rocky,13.0945,80.2825,100
922962c3-9b0b-48bd-b2a1-c07f7426579f,rocky,13.094600000000002,80.2826,100
b3af0aee-3731-4138-9430-80bc0eb73cf6,rocky,13.094700000000001,80.2827,100
30615ce8-55a5-446a-9b97-a62f8000b787,rocky,13.094800000000001,80.28280000000001,100
71558b17-b8cc-414a-b673-9dd531cafffa,rocky,13.0949,80.28290000000001,100
16c8a356-4769-490f-a8be-d1373359978f,rocky,13.095,80.283,100
7d1879c2-3da3-41b0-ab86-99653760efa3,rocky,13.0951,80.2831,100
45a3e3f0-c284-4510-bc28-e82e7c822d51,rocky,13.0952,80.28320000000001,100
d74afa98-0542-44dc-a6e3-bcdaf1172809,rocky,13.095300000000002,80.28330000000001,100
8aa81d5a-2114-4581-b8d5-3ef7db641e3d,rocky,13.095400000000001,80.2834,100
de3b3dd4-bb45-406e-9fc7-d21bb9b52e5a,rocky,13.095500000000001,80.2835,100
574a7d7c-6d8c-4dff-bb6f-7e1e7efdbf42,rocky,13.095600000000001,80.2836,100
fcd38a93-d45b-4826-b616-902d5a03d8b7,rocky,13.0957,80.28370000000001,100
41972711-81bb-4712-b048-b08c7a9a60cc,rocky,13.0958,80.2838,100
d7157f16-e6bc-440c-b13f-8d5a94a20d80,rocky,13.0959,80.2839,100
4c9b13d1-a43a-4b62-8411-67169bc5222e,rocky,13.096,80.284,100
4e83a1e6-7491-4fa5-9331-fcb32ed059f6,rocky,13.096100000000002,80.28410000000001,100
4551de9b-7779-464c-91f4-fdf7875d93f5,rocky,13.096200000000001,80.2842,100
4d7e6e44-995c-4063-bb3b-b9ea0246a8c5,rocky,13.096300000000001,80.2843,100
108ac1ab-7f6f-4194-8bb6-60692b926379,rocky,13.096400000000001,80.2844,100
27e3819e-ef40-4f73-a12d-272e67366f18,rocky,13.0965,80.28450000000001,100
110932ec-b479-4a4a-aa70-efe3ee55b3e6,rocky,13.0966,80.28460000000001,100
5a3f3a16-22f2-4aec-95a7-e75444b5fec6,rocky,13.0967,80.2847,100
5e47a706-048d-4362-95bb-37f2446825ca,rocky,13.096800000000002,80.2848,100
200e65e4-7233-4917-97b9-471cdf6645d4,rocky,13.096900000000002,80.28490000000001,100
a2860403-e81a-453e-8785-4069a9daafd6,rocky,13.097000000000001,80.28500000000001,100
f941537a-6004-42cf-a909-94ecdb083f04,rocky,13.097100000000001,80.2851,100
2f016ac3-d2b0-4ba3-ba97-b344ecb60c0e,rocky,13.0972,80.2852,100
d669030c-658b-4791-8791-02cac286d349,rocky,13.0973,80.2853,100
10c0a6a0-1b58-4d32-8a63-0a63e23ff090,rocky,13.0974,80.28540000000001,100
1b40dc47-ec1b-4978-ae04-304ca38ba487,rocky,13.0975,80.2855,100
aefaf176-5be6-432c-848d-030a4b751057,rocky,13.097600000000002,80.2856,100
3d6b6d37-7c93-434d-87dd-909ed2287442,rocky,13.097700000000001,80.2857,100
9147070e-5d11-4608-aa45-2e1ac604b38f,rocky,13.097800000000001,80.28580000000001,100
dcfc2987-022f-4807-b890-4584eaf66cef,rocky,13.097900000000001,80.2859,100
d2d7742d-e682-4ef6-9e28-7ac0472908ec,rocky,13.098,80.286,100
36ca2b78-29c4-4a05-8ce5-fd2b97a4dab2,rocky,13.0981,80.2861,100
f72a1727-bd45-48d0-ae9b-14a4bf42526e,rocky,13.0982,80.28620000000001,100
914c62cc-727e-4951-be7e-95f129fc8b3c,rocky,13.0983,80.28630000000001,100
e769ec9b-a4cc-47fe-a913-fa6efb7034c9,rocky,13.098400000000002,80.2864,100
649b2ca1-77ed-4721-bb48-53dcf539d354,rocky,13.098500000000001,80.2865,100
3869162b-d4ff-48a1-b2e5-cec2067f831c,rocky,13.098600000000001,80.2866,100
0c8a91ff-c2d5-472d-952a-3a8d76614965,rocky,13.098700000000001,80.28670000000001,100
8dddf058-c128-476d-aa19-34b2c44a5b78,rocky,13.0988,80.2868,100
cf322ae7-3e91-4e0e-a6de-e828a4edf16a,rocky,13.0989,80.2869,100
3f86bc5f-6d58-4db5-b161-f13928bc5b60,rocky,13.099,80.287,100
a5a03c43-2c1e-443f-ac0a-80ac663d4923,rocky,13.099100000000002,80.28710000000001,100
1ff2ba3b-2dbc-408e-b5c0-7d950842a57c,rocky,13.099200000000002,80.2872,100
8e1dc4b8-8327-4cfa-ad8b-0989ea6f51f4,rocky,13.099300000000001,80.2873,100
f71d6f8e-c86f-47e7-b7a4-e7b7bcf3239c,rocky,13.099400000000001,80.2874,100
a4ba4170-e170-43d8-b964-bfc918b20ab8,rocky,13.0995,80.28750000000001,100
e189347e-4ddf-4ed2-8a8e-8dd5c9e12f31,rocky,13.0996,80.28760000000001,100
04ba4fef-ecb8-4661-8f35-613e7b166057,rocky,13.0997,80.2877,100
c91a437d-c7f3-4f45-95af-c31fd9446d8d,rocky,13.0998,80.2878,100
1fb19e28-718a-4121-822e-8044a0046f5c,rocky,13.099900000000002,80.28790000000001,100
4d7c6887-e7af-4a2b-9846-a170f90ba1a6,rocky,13.100000000000001,80.28800000000001,100
146b6cfa-125f-4353-91f9-896953251e99,rocky,13.100100000000001,80.2881,100
ce488186-80f5-4af8-af82-1f7ce1263055,rocky,13.100200000000001,80.2882,100
a34978cc-45f9-4fd4-a771-3c79da3f9c4c,rocky,13.1003,80.2883,100
037ab24e-c099-4078-9e6e-3173ca8130dd,rocky,13.1004,80.28840000000001,100
876ba426-41ff-4640-87d3-fa35b372b735,rocky,13.1005,80.2885,100
29111e87-1a6e-4f90-8ce7-e9b26bde018c,rocky,13.1006,80.2886,100
4666bfc4-e753-4f11-b357-8233c8edc0b8,rocky,13.100700000000002,80.2887,100
e2748b86-b4f3-44dc-8e6a-be77f61e36c7,rocky,13.100800000000001,80.28880000000001,100
84c70075-4bef-4aca-8e7e-d0d745fb2a36,rocky,13.100900000000001,80.2889,100
ae5552c1-8e6c-4946-a5b7-5edcc250ee90,rocky,13.101,80.289,100
5803e435-53ff-47ed-a322-c43249c2a238,rocky,13.1011,80.2891,100
394823f4-4f8e-43e4-8b80-1a939b8bad19,rocky,13.1012,80.28920000000001,100
00da1618-cd78-4267-885c-7e0a08f36d28,rocky,13.1013,80.28930000000001,100
7807121e-7a8d-476b-9a13-f4e079890d1a,rocky,13.101400000000002,80.2894,100
62d51eb2-4946-4b79-8416-06176164fa51,rocky,13.101500000000001,80.2895,100
3a706d1d-1e5e-4201-a7cd-1ee43ae778f1,rocky,13.101600000000001,80.28960000000001,100
773abbb6-201b-4db6-9f8a-e499e89c1e54,rocky,13.101700000000001,80.28970000000001,100
7e7e0f1b-e411-44e0-b785-9ea640e3e1db,rocky,13.1018,80.2898,100
cf1ff224-aed6-45e1-8c90-58567d4ed15c,rocky,13.1019,80.2899,100
940fdf7d-b842-472e-8af2-91e891d906fd,rocky,13.102,80.29,100
8601d8e8-5d49-425f-849f-3f76c7ecbd33,rocky,13.1021,80.29010000000001,100
67427495-7d3a-459d-9c37-4aa4291a9d0d,rocky,13.102200000000002,80.2902,100
71e2fa46-f596-4e48-847c-d5efc50d6e04,rocky,13.102300000000001,80.2903,100
57da540c-4b5b-4a98-abaf-ada126cefc29,rocky,13.102400000000001,80.2904,100
8fe60a8d-b636-4bde-abad-db29ed719b0c,rocky,13.102500000000001,80.29050000000001,100
42519b4c-8eae-41c3-8b41-a3d0acda745c,rocky,13.1026,80.29060000000001,100
d40b7dac-78ac-492d-9652-d42e287f4b40,rocky,13.1027,80.2907,100
0b838002-484b-4426-b594-b626086a12ac,rocky,13.1028,80.2908,100
40194898-8e36-43bb-838d-19fadc587f09,rocky,13.102900000000002,80.29090000000001,100
58e3e5b5-4cba-4449-9141-38d7d524593c,rocky,13.103000000000002,80.29100000000001,100
d982a51c-d478-418c-af18-cf89c4a7d263,rocky,13.103100000000001,80.2911,100
8dec0607-9c3a-4e39-901f-42a82b815edc,rocky,13.103200000000001,80.2912,100
33217b9a-7ec8-48c1-9877-e1851ca57430,rocky,13.1033,80.2913,100
10bdb136-d70d-4719-af00-94532c74ec17,rocky,13.1034,80.29140000000001,100
ba387c5d-7f91-46cc-af51-33eb440c9a03,rocky,13.1035,80.2915,100
7a972069-5ae6-4095-85c4-15dd2394a7af,rocky,13.1036,80.2916,100
7cc5d1d9-311d-4dce-bc29-5cbf850f9a12,rocky,13.103700000000002,80.2917,100
167a3608-3c90-415a-9912-90c3e989035a,rocky,13.103800000000001,80.29180000000001,100
8ea39570-ed0c-4f50-b784-39186a84dda6,rocky,13.103900000000001,80.2919,100
6c32081d-8048-42e3-b9dd-f3479cd8f845,rocky,13.104000000000001,80.292,100
616c38dd-adf3-47ab-8941-d1ae6fbd848b,rocky,13.1041,80.2921,100
80fba85b-2a79-4186-acff-ce9ce79e9b50,rocky,13.1042,80.29220000000001,100
8e7f04c7-e7eb-4805-adad-1cc36b9041b4,rocky,13.1043,80.29230000000001,100
b45e8d76-8338-4974-9081-a94b1f245efe,rocky,13.1044,80.2924,100
d550c4d5-7d9b-486e-9f11-dc5266ac3326,rocky,13.104500000000002,80.2925,100
1edf8aaa-5ac0-455a-a502-651399c0b733,rocky,13.104600000000001,80.29260000000001,100
3357325a-4fcc-4fb8-a07a-e987dcf2f40f,rocky,13.104700000000001,80.29270000000001,100
351c1abc-e063-4337-adaa-bea1e378a23a,rocky,13.104800000000001,80.2928,100
625c4616-db07-4ac1-b0cd-b6fd8de930a5,rocky,13.1049,80.2929,100
ada10814-bd36-4b20-ab0d-81756876eb63,rocky,13.105,80.293,100
d1b36163-3ef9-459f-993d-42d0e771c189,rocky,13.1051,80.29310000000001,100
07af8069-9d55-4874-b320-d0e42529ce71,rocky,13.105200000000002,80.2932,100
0d4d10c2-36fa-4993-a8e9-63a288c05732,rocky,13.105300000000002,80.2933,100
9fd9804a-5f09-408f-8185-c25c0554313b,rocky,13.105400000000001,80.2934,100
16177e94-6ae6-47f6-a72b-149705750eb4,rocky,13.105500000000001,80.29350000000001,100
b4ea96cf-0b2d-469c-a7d3-e4773b512cbe,rocky,13.1056,80.29360000000001,100
28c6e125-e6cc-4636-b059-6ff1e1c29495,rocky,13.1057,80.2937,100
1ac5dc85-7ffe-4d01-9f36-987a8087ae54,rocky,13.1058,80.2938,100
8ced459b-ad0a-4152-8c54-f47fe7fd8446,rocky,13.1059,80.29390000000001,100
7bdc71d7-aaf4-476b-ab89-acad92c8647a,rocky,13.106000000000002,80.29400000000001,100
27cd7ecf-403b-4752-87e2-394e4dfc7fd0,rocky,13.106100000000001,80.2941,100
d4ea261b-6cdc-4e96-a0bf-f2a67abf73ba,rocky,13.106200000000001,80.2942,100
af995181-6e32-4d12-94d9-e88a043dc450,rocky,13.106300000000001,80.2943,100
e286456c-fc7f-4173-a4a5-814a1ce60ddc,rocky,13.1064,80.29440000000001,100
82d2861d-90f1-417b-9c54-4bdac5319238,rocky,13.1065,80.2945,100
ef26677f-743f-4927-abca-88098ca30835,rocky,13.1066,80.2946,100
41dc6978-ca0f-4c47-9182-10e3896d2b28,rocky,13.1067,80.2947,100
2fb6db52-e9e3-4ebe-bfdb-be4fdfc68ddc,rocky,13.106800000000002,80.29480000000001,100
e1f61057-27d4-45b3-b038-dd13c38aea02,rocky,13.106900000000001,80.2949,100
9582c5be-f154-49f8-a1b5-6ebc97820cbf,rocky,13.107000000000001,80.295,100
4baf564a-fc5a-4f34-80f3-1588a69e490b,rocky,13.1071,80.2951,100
f5f007e6-961a-442a-9eae-b6758bb6bf86,rocky,13.1072,80.29520000000001,100
5d63a837-9558-487f-878f-77c321011118,rocky,13.1073,80.29530000000001,100
85c45537-c284-4c9e-a2ba-437317c770e4,rocky,13.1074,80.2954,100
40b07048-9074-44ca-bfcb-49599c1a1e04,rocky,13.107500000000002,80.2955,100
0e769da9-a0dc-47fc-9b92-1a3c6750a0e1,rocky,13.107600000000001,80.29560000000001,100
a44e5c15-8297-4847-95f2-6c420279adc5,rocky,13.107700000000001,80.29570000000001,100
d8a068a0-0149-4bdf-81db-d4d449417f14,rocky,13.107800000000001,80.2958,100
26cbaace-ce7d-4950-a05c-87e55b6de6f3,rocky,13.1079,80.2959,100
5e8297b3-6876-4268-9300-29b3a0b34822,rocky,13.108,80.296,100
a7ff87a4-d0d5-465c-a07e-2085245f823a,rocky,13.1081,80.29610000000001,100
61b6ae03-a322-4e86-a5eb-429922e0ac3a,rocky,13.1082,80.2962,100
147f13bd-4eef-475e-bf71-cf0b1b4f9b7f,rocky,13.108300000000002,80.2963,100
decdf111-efa2-4a3c-8473-bdab745508a1,rocky,13.108400000000001,80.2964,100
dfc25beb-0b7a-4fd1-830d-ce5a693431e2,rocky,13.108500000000001,80.29650000000001,100
c4dfbe98-2113-4892-86ef-5f65807c30fd,rocky,13.108600000000001,80.2966,100
1a7a4d58-59c5-4c01-8f07-d3a1f7ce9794,rocky,13.1087,80.2967,100
36f7c54a-3dce-44c6-b504-76d979d2c51b,rocky,13.1088,80.2968,100
041fbf4b-2e6e-4d1e-aa32-0b574d1eaddf,rocky,13.1089,80.29690000000001,100
2f96a918-7618-48ea-ad5c-6e906aed238b,rocky,13.109000000000002,80.29700000000001,100
204d4f50-b875-4681-aa86-f1ceef417e3e,rocky,13.109100000000002,80.2971,100
0248681e-f2a3-4e5a-a95f-1d3501b6c6d2,rocky,13.109200000000001,80.2972,100
6a416574-b1a2-4bb3-afc9-38f3dff2a08e,rocky,13.109300000000001,80.2973,100
07bd07b6-5a21-48aa-bb95-7aab2de5f099,rocky,13.1094,80.29740000000001,100
de07649e-63a5-4441-a3aa-f71cbbe91d7c,rocky,13.1095,80.2975,100
3ff3844a-fbac-4ef1-952a-55b51f54de2e,rocky,13.1096,80.2976,100
c2f7cf7c-54a6-4730-8ec1-13d10cf55e98,rocky,13.1097,80.2977,100
98c5d4d6-59c3-43d1-b640-3bb0887d4dfb,rocky,13.109800000000002,80.29780000000001,100
dbea4b3d-247d-4d2c-a52d-1dbaed10b1fa,rocky,13.109900000000001,80.2979,100
3350bb81-5179-40f4-981e-64f1c630716b,rocky,13.110000000000001,80.298,100
8c11c17d-4367-4c36-ae02-39ca60b76e8d,rocky,13.110100000000001,80.2981,100
e09ea5ce-2307-46df-b6be-d42a57ca7297,rocky,13.1102,80.29820000000001,100
939b37a8-7bbc-448a-910b-c605ad40fcd6,rocky,13.1103,80.29830000000001,100
a6e487f6-56f5-4882-a44d-9dba819951b9,rocky,13.1104,80.2984,100
4432be75-a538-4ace-a961-b9fb2bf40839,rocky,13.1105,80.2985,100
b0e19da4-9b61-4fc2-94f6-c265143475fa,rocky,13.110600000000002,80.29860000000001,100
8aac9d18-7fcc-4ae5-8ddd-4e2c29e58f7f,rocky,13.110700000000001,80.29870000000001,100
00c3e5cc-41e8-4f79-b78d-4ed26ccf1f30,rocky,13.110800000000001,80.2988,100
da132f10-5568-4f4b-98e9-e3b4bb9aa314,rocky,13.1109,80.2989,100
c644e396-c505-4048-9c4f-da4ec0bf0287,rocky,13.111,80.299,100
c3d0db65-b582-4918-a466-0034dbc8093d,rocky,13.1111,80.29910000000001,100
c37dae50-d989-4ffa-8bd2-6e10f17eb995,rocky,13.1112,80.2992,100
8b4ae86a-a2ad-47ca-a545-62777502b21b,rocky,13.111300000000002,80.2993,100
da1a1747-24dd-41b2-a3a5-bd7ed9128e49,rocky,13.111400000000001,80.2994,100
0ad22a47-241d-4c77-9e58-6d0cc6bf6144,rocky,13.111500000000001,80.29950000000001,100
daf19c91-5402-4fb3-adb8-7dc33e9cc96e,rocky,13.111600000000001,80.2996,100
4f5d8f4b-63ba-4f8c-ab93-f498d7e9bfb3,rocky,13.1117,80.2997,100
c7e4cb6f-dc65-4c46-8462-9dcffb698323,rocky,13.1118,80.2998,100
6375baee-6ef6-42db-ad2c-7b1b4a328220,rocky,13.1119,80.29990000000001,100
ae86389f-36dd-4cf1-a60f-255d2bc046d5,rocky,13.112,80.30000000000001,100
734af903-467d-4429-8b60-6659b1e5d59e,rocky,13.112100000000002,80.3001,100
909301d9-9742-4c68-995d-474aae7b949f,rocky,13.112200000000001,80.3002,100
9539d73a-a049-4320-b479-6ade88ab1637,rocky,13.112300000000001,80.30030000000001,100
7ad9e0aa-bb23-4c53-a253-136c137168db,rocky,13.112400000000001,80.30040000000001,100
210e10e9-52e1-42a5-a1ca-0b1cf467094f,rocky,13.1125,80.3005,100
9243870c-7c39-424b-b18c-51cb8317d2fb,rocky,13.1126,80.3006,100
d8f762d1-a248-4911-a3bf-40253744b3fc,rocky,13.1127,80.3007,100
362936a0-c466-446d-a8a8-1fc93b9a0dde,rocky,13.1128,80.30080000000001,100
da199eae-1b6e-4c24-ab56-4eea5f2eceab,rocky,13.112900000000002,80.3009,100
7a6bc696-470a-444c-b517-c4817b780b47,rocky,13.113000000000001,80.301,100
3bb56b95-2b68-4cbb-9b46-87131a0f6dc9,rocky,13.113100000000001,80.3011,100
ca5b90a0-5690-417a-96bc-860458fecc2f,rocky,13.1132,80.30120000000001,100
f094f477-89fb-4928-806c-7b8dcf9e1edd,rocky,13.1133,80.30130000000001,100
9c949edf-016a-47de-ac53-d6e53cad531b,rocky,13.1134,80.3014,100
05e3a55f-ddea-4888-a1de-fed9089ce6f1,rocky,13.1135,80.3015,100
e43bb3d6-7e88-40e7-bc92-099d431e91fc,rocky,13.113600000000002,80.30160000000001,100
b03acefb-f242-4db0-853b-551f160b7446,rocky,13.113700000000001,80.30170000000001,100
7c7b97c7-35d1-492a-8694-7f9f4eaaeeda,rocky,13.113800000000001,80.3018,100
c4a7e244-2ba1-43a9-abe8-860dacc00b37,rocky,13.113900000000001,80.3019,100
1d8038ed-7ecb-4428-9bae-2c4fe20daf7f,rocky,13.114,80.302,100
816606ac-6c09-46a2-8737-caba50316c8d,rocky,13.1141,80.30210000000001,100
852f2bcc-1205-4455-b18f-2ada2062ce2d,rocky,13.1142,80.3022,100
ce44f673-c8e3-46ab-9683-34afd8beb48e,rocky,13.1143,80.3023,100
750fcb45-9381-4334-82e2-982bd9f9f6ac,rocky,13.114400000000002,80.3024,100
c2d2ed06-2697-4e78-ad29-c4a6bc944b67,rocky,13.114500000000001,80.30250000000001,100
9b187b43-94cd-4e4c-8a9d-53e3cbc6a8ce,rocky,13.114600000000001,80.3026,100
d997b7e3-b7b2-43ed-bc5f-7433a8105182,rocky,13.114700000000001,80.3027,100
1fa47d63-d079-413c-8048-f1466fd6e90d,rocky,13.1148,80.3028,100
ad0b9742-3f1a-437f-845d-77f5a74b2315,rocky,13.1149,80.30290000000001,100
3855f08e-ea01-4a1c-aa03-53777b7fb87c,rocky,13.115,80.30300000000001,100
40d655d8-79aa-4005-9be2-b5d5bb1fc141,rocky,13.115100000000002,80.3031,100
cf1db553-9141-49e5-9417-c6fb311c5e05,rocky,13.115200000000002,80.3032,100
d292af17-f02e-4acc-a0c3-1ed09ed2f246,rocky,13.115300000000001,80.30330000000001,100
ac4a3f8c-22bc-492f-b952-3634a8f3d4ad,rocky,13.115400000000001,80.30340000000001,100
7967b8cb-9c7b-4de7-a65c-9d4525b98c99,rocky,13.1155,80.3035,100
c9fe85b9-3c03-4acd-aff3-86880e48a0b4,rocky,13.1156,80.3036,100
816e7a0f-7292-43c8-88dd-d7b64e8597ab,rocky,13.1157,80.3037,100
7b10ffd4-1181-47fc-9922-eb5aa86f2f51,rocky,13.1158,80.30380000000001,100
d05a79b5-b5c4-4704-8386-5bdc03657f90,rocky,13.115900000000002,80.3039,100
d8516668-d3e2-4215-ab85-095b6da2b41c,rocky,13.116000000000001,80.304,100
09985d69-ff23-44bc-b3a2-407999d5782c,rocky,13.116100000000001,80.3041,100
1268efa9-ae60-4ab9-9b0d-5e0f6446011b,rocky,13.116200000000001,80.30420000000001,100
85787b40-7441-4e72-82b5-232ccab02453,rocky,13.1163,80.30430000000001,100
d6291630-0234-4f57-a381-3a3e6dcd0101,rocky,13.1164,80.3044,100
4496dbf0-6017-4411-bca2-e531d6b5cce4,rocky,13.1165,80.3045,100
66639c1b-c128-437c-bae0-ad804d756875,rocky,13.1166,80.30460000000001,100
738330cd-d47b-456e-834a-477aaa72787a,rocky,13.116700000000002,80.30470000000001,100
fbca5049-c163-4992-bf47-8d15629fd14c,rocky,13.116800000000001,80.3048,100
57aa4ec7-d67d-49ca-875f-e2aa4cfb816a,rocky,13.116900000000001,80.3049,100
3ae717de-3b2b-44a0-8a20-ebcdbb75ef80,rocky,13.117,80.305,100
d08cce61-71f7-4378-b94f-7706a5fff112,rocky,13.1171,80.30510000000001,100
fa1a315b-30fe-4432-ba35-6ffda6398f88,rocky,13.1172,80.3052,100
314cce77-6797-4131-b430-218fce113e4b,rocky,13.1173,80.3053,100
54b7d538-72ff-4455-8b59-f502d95cee6d,rocky,13.117400000000002,80.3054,100
7b7dcb06-70a7-4f2d-8757-15726dea481e,rocky,13.117500000000001,80.30550000000001,100
28f5efe6-a717-4015-a005-51c5d0980490,rocky,13.117600000000001,80.3056,100
ee91cfa6-cb69-4b59-814a-aaa2b3a3a5c1,rocky,13.117700000000001,80.3057,100
45c9e783-3c61-44f2-8a64-4eade2871887,rocky,13.1178,80.3058,100
d2eab85a-15c5-4ced-99d6-88ba7e4dafce,rocky,13.1179,80.30590000000001,100
7b68e0a9-6923-4a73-856c-faedc1ff14be,rocky,13.118,80.30600000000001,100
d0b1276a-a8c3-4c74-a36b-706dba072d5a,rocky,13.1181,80.3061,100
38f75455-1ca8-4234-8d57-b00e8cace62a,rocky,13.118200000000002,80.3062,100
ee310849-2385-4248-9f25-acfef984cf14,rocky,13.118300000000001,80.30630000000001,100
62e33c46-cd7d-404d-8f9b-424ccb5f7864,rocky,13.118400000000001,80.30640000000001,100
f874de65-4147-4895-89c6-4e423d125ccd,rocky,13.118500000000001,80.3065,100
02d5ef61-135e-4879-aafb-c5db0c7c6397,rocky,13.1186,80.3066,100
db1aa862-5511-4a5d-9f09-12c2a63bef0f,rocky,13.1187,80.3067,100
54b9ba45-87d1-4d0e-a5ca-b0e0ea190e3d,rocky,13.1188,80.30680000000001,100
384b16ab-7ef4-44ed-8152-35621f43730c,rocky,13.1189,80.3069,100
684bce16-bd67-47cc-8414-6a06c2bd5d7b,rocky,13.119000000000002,80.307,100
9f51940b-4f32-4127-9349-dc5cfaebfbbf,rocky,13.119100000000001,80.3071,100
a7e04da3-afe8-45d0-b10d-5297517ca89e,rocky,13.119200000000001,80.30720000000001,100
075f6861-1d8f-4ddd-87ec-bd72ca696262,rocky,13.1193,80.30730000000001,100
c5c55e0d-19e8-4610-9f7a-918fb8bb06e7,rocky,13.1194,80.3074,100
5495ce00-2e1e-48bb-86b1-31fa27f15807,rocky,13.1195,80.3075,100
774b236f-bf2f-4593-a1a1-31b0d13393cf,rocky,13.1196,80.30760000000001,100
b26ffe55-7184-46d8-9279-e21cda15fc06,rocky,13.119700000000002,80.30770000000001,100
30ae8212-3252-4b2b-bc65-81fc61a59bc3,rocky,13.119800000000001,80.3078,100
fdbd91bc-3289-42f0-9208-314f2dacc97d,rocky,13.119900000000001,80.3079,100
2dedff79-72f2-4eac-85c4-83f4c2784f79,rocky,13.120000000000001,80.308,100
890917ba-af53-4007-886c-99d1296e6e74,rocky,13.1201,80.30810000000001,100
64de1371-140c-41ee-b336-bd624b0a322e,rocky,13.1202,80.3082,100
4ee0f672-144b-43d5-a897-d2880b6505bf,rocky,13.1203,80.3083,100
23f636b1-2f3a-4e56-bd90-174dbd6421e6,rocky,13.1204,80.3084,100
15506481-fe0c-4a2b-821d-175a82241bfa,rocky,13.120500000000002,80.30850000000001,100
db4735ce-9a23-47f0-a419-58f73fa96d47,rocky,13.120600000000001,80.3086,100
6943ac4e-2713-425f-bbf7-e963af76062b,rocky,13.120700000000001,80.3087,100
3e91520e-c046-4777-9c03-8f28fb767a3e,rocky,13.120800000000001,80.3088,100
e98f4273-9325-45d9-9297-91e59d8de5b5,rocky,13.1209,80.30890000000001,100
3e74df02-a6fd-4a94-a665-7bc8ff7300eb,rocky,13.121,80.30900000000001,100
420250bf-9d5c-4dd4-a51d-e0162f8ba875,rocky,13.1211,80.3091,100
40fcb75d-e009-4deb-bcd4-c8e456c41340,rocky,13.121200000000002,80.3092,100
845f3057-4156-4880-8cab-247f69ddf787,rocky,13.121300000000002,80.30930000000001,100
f0232707-e7ac-461d-a472-5cecc7ac43fc,rocky,13.121400000000001,80.30940000000001,100
39f32b94-464c-4416-aef2-3f4311780eb5,rocky,13.121500000000001,80.3095,100
d5c26170-155b-4d7f-a6da-b9539776d58e,rocky,13.1216,80.3096,100
6f8e1d72-f4ed-4bbd-a0ff-b44a8a6dc1b6,rocky,13.1217,80.3097,100
83aa394c-77cc-407b-9932-cce59744102b,rocky,13.1218,80.30980000000001,100
518c6494-839f-4ded-956a-7338d64d2d3e,rocky,13.1219,80.3099,100
a49b85e9-b26b-43f3-ac38-92ed61af7a29,rocky,13.122000000000002,80.31,100
5fabb762-537c-4650-88bf-8b053ac50e43,rocky,13.122100000000001,80.3101,100
4a52b89a-f7f0-486c-9b34-53b1b13c4cf6,rocky,13.122200000000001,80.31020000000001,100
f19532d4-f1fd-44dc-81dc-fb749c679363,rocky,13.122300000000001,80.3103,100
4768b4f0-bf3c-4be0-9db6-71db11d14103,rocky,13.1224,80.3104,100
243cfe3d-c3ca-4efb-a784-2fc621d79855,rocky,13.1225,80.3105,100
1ee5f2a3-8076-4039-95ff-210fa5709d95,rocky,13.1226,80.31060000000001,100
abd8819b-6c5d-484a-aed8-2151fdda394b,rocky,13.1227,80.31070000000001,100
b92f17c2-d4b1-422d-ab21-db71e2376f76,rocky,13.122800000000002,80.3108,100
87f60960-839e-438a-8def-2737952029cf,rocky,13.122900000000001,80.3109,100
7acb10fd-5de5-426d-8204-926d27b54983,rocky,13.123000000000001,80.311,100
c8df415a-0eea-4014-92ec-6634f19ccaf8,rocky,13.1231,80.31110000000001,100
cffe1f2d-dc6e-4f60-879c-80cae68e9bf5,rocky,13.1232,80.3112,100
aba17fc8-08cb-4dda-be8d-9866ba7f15fb,rocky,13.1233,80.3113,100
b82d2f58-dca7-4099-857f-7ef4dc28d0a6,rocky,13.1234,80.3114,100
cfe69420-f403-43cf-aea3-7f69e9558b63,rocky,13.123500000000002,80.31150000000001,100
230f132e-efa2-420d-b3dd-8d086f0136dc,rocky,13.123600000000001,80.3116,100
d4e4cba3-ec2a-4a99-8376-6bd3e7cf6f1e,rocky,13.123700000000001,80.3117,100
d4ebda75-f670-4505-b09d-ba0d060b4fed,rocky,13.123800000000001,80.3118,100
c977b1d1-83cc-4229-bf30-7afc6f287746,rocky,13.1239,80.31190000000001,100
b30184f4-1d8d-43a6-b1e8-210ea3131796,rocky,13.124,80.31200000000001,100
36353a59-8049-4f85-96b3-2e3bceaf4086,rocky,13.1241,80.3121,100
bd6dfa7d-4f97-4b95-ab01-2d2bccdf3097,rocky,13.1242,80.3122,100
27760d67-b1ab-416c-8deb-534ef7471bff,rocky,13.124300000000002,80.31230000000001,100
7edbf0ed-6673-4103-abb8-ff9fb8d6aaeb,rocky,13.124400000000001,80.31240000000001,100
a16e3cf2-e2ea-432e-ae00-09e47ab1b9ff,rocky,13.124500000000001,80.3125,100
73735232-8205-44e7-91d9-9e8e11718fa4,rocky,13.124600000000001,80.3126,100
fe180f16-d670-4616-90ea-5363e0dcdaf3,rocky,13.1247,80.3127,100
c327afc4-8291-4a96-85b4-4f5219f29a38,rocky,13.1248,80.31280000000001,100
853cfca5-adbd-470c-a4b3-af4ae7ee69ea,rocky,13.1249,80.3129,100
e6d22939-5e62-4bc1-8cf3-1cdf8a56124e,rocky,13.125,80.313,100
134ac5fd-c405-4a34-bce8-abc192ac52a2,rocky,13.125100000000002,80.3131,100
7e429c07-9860-4c20-b8d5-8be1de325f2f,rocky,13.125200000000001,80.31320000000001,100
f9283008-85a9-4ed4-80fb-af9d5700c988,rocky,13.125300000000001,80.3133,100
d33deff1-7726-48f8-8601-101e9c3ab4e2,rocky,13.1254,80.3134,100
aaac4a8b-d5f3-4e1a-a5ad-a9e8048c5072,rocky,13.1255,80.3135,100
37bc2d93-f383-4095-90b9-f5616eab722a,rocky,13.1256,80.31360000000001,100
2a4f054e-2e2c-418c-8d3f-eb7bbf341973,rocky,13.1257,80.31370000000001,100
f2598f3b-e3a0-404b-93af-414c0ec650d5,rocky,13.125800000000002,80.3138,100
bd92528a-a163-4d6e-9d55-f605697111ad,rocky,13.125900000000001,80.3139,100
b4d8ee4c-2dbd-4650-a711-805951c38062,rocky,13.126000000000001,80.31400000000001,100
742e3661-e5f9-43ef-bb09-67844372e244,rocky,13.126100000000001,80.31410000000001,100
acf765d5-90ee-4ef0-bb23-c140fe3ae381,rocky,13.1262,80.3142,100
e2041f2f-967d-4d96-a688-84db79603bf1,rocky,13.1263,80.3143,100
1158aadb-6b1e-4309-bc9f-c9d3d13ec9a0,rocky,13.1264,80.3144,100
a08fa0a8-c9a2-4f7d-82ab-2dac356cb9ed,rocky,13.1265,80.31450000000001,100
8e77f9a4-adb7-4c47-bc44-5e5589ee3016,rocky,13.126600000000002,80.3146,100
942ec2b2-d47b-4605-92d8-aaba7217b1f5,rocky,13.126700000000001,80.3147,100
cb5161fb-f527-4bcf-8177-d0b8ca412a97,rocky,13.126800000000001,80.3148,100
34aada61-71b2-49ae-bacf-6ff1d61c0eb0,rocky,13.126900000000001,80.31490000000001,100
ab210304-54b8-4467-a5bb-4b5d54190a24,rocky,13.127,80.31500000000001,100
4518888c-d4b0-471a-b6ed-65973a20a929,rocky,13.1271,80.3151,100
13a2f148-ec68-4615-8b4a-d3ab806f35fb,rocky,13.1272,80.3152,100
2d7b6449-b23c-433a-a25c-2ddea905c410,rocky,13.127300000000002,80.31530000000001,100
19faa595-1d61-4929-8245-3cfdc93feadb,rocky,13.127400000000002,80.31540000000001,100
47c32259-f4dd-4982-b1ac-5eacf493aabc,rocky,13.127500000000001,80.3155,100
f5ac7cef-bcab-41f8-8fc2-379887fc4e50,rocky,13.127600000000001,80.3156,100
71805fd8-40b2-4772-a8ef-81a0aebfa1f3,rocky,13.1277,80.3157,100
df543142-cbff-4565-a08e-d211772e57b2,rocky,13.1278,80.31580000000001,100
c4c6006b-7d41-45ca-a0d0-80805cac43f0,rocky,13.1279,80.3159,100
eab0b68c-c5f8-4738-9fd0-9c8ffa8a675e,rocky,13.128,80.316,100
2efc838d-eb54-4b9f-bcc2-47b40fe1de7b,rocky,13.128100000000002,80.3161,100
c7209dd5-f558-4193-892c-e520f0a9b7b9,rocky,13.128200000000001,80.31620000000001,100
c4cf61e4-ea79-42c7-84e0-dcca6689351d,rocky,13.128300000000001,80.3163,100
a1d0f262-b1c5-4a4f-b130-53109ead8db6,rocky,13.128400000000001,80.3164,100
79abb3f7-2135-49f5-ba06-cd7a587295bf,rocky,13.1285,80.3165,100
bce79404-4756-4036-bb32-cbe0d90a92a8,rocky,13.1286,80.31660000000001,100
ff987ea9-8633-41e2-a390-2842b72335ef,rocky,13.1287,80.31670000000001,100
eafed11b-ca1b-42a7-b8fe-2c360785078a,rocky,13.1288,80.3168,100
aa98ce93-f5e2-4053-b3b6-781a86dbce9e,rocky,13.128900000000002,80.3169,100
999d2196-6f59-461f-a2fe-7b389097db84,rocky,13.129000000000001,80.31700000000001,100
09490653-a6e2-4ee2-8221-ac21506e4489,rocky,13.129100000000001,80.31710000000001,100
a606a8b1-93cb-485a-8b07-6191ea5cf44e,rocky,13.1292,80.3172,100
b6724969-ce4b-4bf0-b0e2-9d838aa1350d,rocky,13.1293,80.3173,100
66210b23-b5e5-4a5f-ad06-db6b50000aaf,rocky,13.1294,80.3174,100
5edd8d70-49fe-4370-98c5-0f646c924e0a,rocky,13.1295,80.31750000000001,100
b5bd574c-d428-4566-82d4-4478c86cbdee,rocky,13.129600000000002,80.3176,100
b5ff768e-8ba8-40c3-8edd-dae83cc10d95,rocky,13.129700000000001,80.3177,100
da9ba123-66ab-4e68-bc58-85bb993cd59d,rocky,13.129800000000001,80.3178,100
3d6ebe14-9657-4457-be4d-00c256730e04,rocky,13.129900000000001,80.31790000000001,100
5f54c722-6c5a-449f-8c6d-f658156a70f9,rocky,13.13,80.31800000000001,100
7b8533f7-5121-4743-a8fd-d7aa8ddad751,rocky,13.1301,80.3181,100
c2f46eb2-564a-46b9-b3eb-672020f407f2,rocky,13.1302,80.3182,100
718b994b-c6c3-4fae-92dd-3b6971c7165c,rocky,13.1303,80.31830000000001,100
ad50628e-819c-4b01-9b78-6d7c075b5884,rocky,13.130400000000002,80.31840000000001,100
a8c47ac8-2c16-47cf-a1db-5544815f01f9,rocky,13.130500000000001,80.3185,100
18b4d5ca-c794-40ce-8a39-22e645ebd70f,rocky,13.130600000000001,80.3186,100
cd0c780a-add8-499d-80ae-b6d52d43f955,rocky,13.130700000000001,80.3187,100
33a9d4b7-b564-4e6f-ae13-75f0e11db5a0,rocky,13.1308,80.31880000000001,100
67aa47f4-ef5c-4c69-8b0d-11c4a3eabf29,rocky,13.1309,80.3189,100
d2cf8f4c-d57d-4d82-8fc5-183af5abf88c,rocky,13.131,80.319,100
d899b509-aeec-4093-9af6-f7da7ffb8cb1,rocky,13.131100000000002,80.3191,100
21168cc1-159c-466a-ad7a-a63fd90b6e6a,rocky,13.131200000000002,80.31920000000001,100
a84849d2-c86b-4468-a45e-84f2406bf1cb,rocky,13.131300000000001,80.3193,100
b316fcac-d697-4263-9c81-cff2d97915c4,rocky,13.131400000000001,80.3194,100
32478013-8425-407a-ba06-b98fb41bebcf,rocky,13.1315,80.3195,100
6a1033da-9d1d-4a77-94ba-ed9055a0b646,rocky,13.1316,80.31960000000001,100
6c0b7c83-ec01-4fab-a2b7-566e11325aaf,rocky,13.1317,80.31970000000001,100
b10f707f-b7aa-479d-95e9-e43b094ce338,rocky,13.1318,80.3198,100
a1e1537f-260a-43f2-9090-ed5f43fb8b03,rocky,13.131900000000002,80.3199,100
1ca43220-611f-43af-a204-c757cff93d1c,rocky,13.132000000000001,80.32000000000001,100
b344b376-7fad-4e65-9073-15f127ebaec7,rocky,13.132100000000001,80.32010000000001,100
3f6018c2-588a-416d-8751-bc31e4206a70,rocky,13.132200000000001,80.3202,100
08b5ca63-683f-41d7-8e7e-633ff4398ee1,rocky,13.1323,80.3203,100
9e022022-e112-4f7c-baee-ad48b577b1e7,rocky,13.1324,80.3204,100
29ce7664-2a98-4a80-b0d4-f1b30f426901,rocky,13.1325,80.32050000000001,100
cdf0dd0f-de0c-4c88-bbfa-bd5449553cf8,rocky,13.1326,80.3206,100
3974b4fb-4e99-42af-94c8-cd81d8978a65,rocky,13.132700000000002,80.3207,100
298b5292-74dc-416f-b54a-fc861ce1dab9,rocky,13.132800000000001,80.3208,100
445fb735-ea34-431b-bd76-fdaf03b428da,rocky,13.132900000000001,80.32090000000001,100
7c18adec-79d0-407e-a61f-ad4e791bee8e,rocky,13.133000000000001,80.321,100
269d646d-0579-404c-8d18-161e7748dec1,rocky,13.1331,80.3211,100
24da9ec5-3f7d-4623-a745-79cc364210da,rocky,13.1332,80.3212,100
bfce88a5-cba0-445b-afb2-3fa462a3169b,rocky,13.1333,80.32130000000001,100
845914ee-c25f-4d2b-bf31-66c8be5cedce,rocky,13.133400000000002,80.32140000000001,100
7eb37476-ea77-485b-929a-5ecc29728846,rocky,13.133500000000002,80.3215,100
b10a63e2-36df-4cb7-abd1-9ba069fd1eba,rocky,13.133600000000001,80.3216,100
5e5f4e83-b278-4970-9a0f-15f6da9b12dd,rocky,13.133700000000001,80.3217,100
4c0ab823-1675-4c63-8a95-6afcc5306127,rocky,13.1338,80.32180000000001,100
663b2f69-f7e2-423c-b6c6-ef9d2004a46d,rocky,13.1339,80.3219,100
751dfb4e-1bd2-4ae7-b4fb-8ca973553477,rocky,13.134,80.322,100
56377c84-f662-45ce-b6e4-7033bac77601,rocky,13.1341,80.3221,100
485c78b8-881d-4308-a596-48fb9f4698e5,rocky,13.134200000000002,80.32220000000001,100
1002c939-6a02-4172-8cf4-f3e121c75c92,rocky,13.134300000000001,80.3223,100
f8c6e2b2-534d-4d64-8024-0f13b8794617,rocky,13.134400000000001,80.3224,100
7983287a-ce89-474c-8151-1570243d4554,rocky,13.134500000000001,80.3225,100
2642821c-55ab-4c2f-a0ae-95e538b83d19,rocky,13.1346,80.32260000000001,100
61c7ce2d-2f96-4cf4-973a-79b7f507e5e1,rocky,13.1347,80.32270000000001,100
35ef5c30-62e2-4728-b672-75e322bbdd3d,rocky,13.1348,80.3228,100
48443ef7-0341-45f5-b44a-bf420eea463d,rocky,13.1349,80.3229,100
7ef8c822-d0e9-42ad-a304-fa1f1fe3eefa,rocky,13.135000000000002,80.32300000000001,100
e4e78357-d8bc-46bd-9ff0-719a516686c2,rocky,13.135100000000001,80.32310000000001,100
5d27977d-ce4c-411e-a188-acefe870901a,rocky,13.135200000000001,80.3232,100
4fd13eda-6db2-4633-a925-58659862661b,rocky,13.1353,80.3233,100
8c6b690a-7bbd-494f-bf73-808f5de1f61c,rocky,13.1354,80.3234,100
79d88a67-7c98-4904-b1c2-9fbf73812ee7,rocky,13.1355,80.32350000000001,100
ea83e308-baec-4dbc-a25b-c607bdbfdb80,rocky,13.1356,80.3236,100
d0c66d11-80b5-403d-b5dd-846a08505809,rocky,13.135700000000002,80.3237,100
7c57c9b0-77e9-4788-80c3-9418f0c27314,rocky,13.135800000000001,80.3238,100
cb9dc93e-c8b8-4263-8624-0c90d52005c7,rocky,13.135900000000001,80.32390000000001,100
c08fd890-2188-47f6-9d8c-70733533d34c,rocky,13.136000000000001,80.324,100
eb60c28a-27ea-4e74-80e4-563911a844d7,rocky,13.1361,80.3241,100
3d47fa88-f040-4111-85f0-1ea0a07a7688,rocky,13.1362,80.3242,100
340a468f-6a83-4f74-b6ac-ac88be70c72a,rocky,13.1363,80.32430000000001,100
b1cdfb1d-1b46-4cd5-bedb-1b0eb87f5665,rocky,13.1364,80.32440000000001,100
65528565-225c-4947-9e45-902dd252fe31,rocky,13.136500000000002,80.3245,100
5d677148-3d99-4bca-a1c8-f3795fa181bd,rocky,13.136600000000001,80.3246,100
85ef8e80-c0b1-4252-b825-cf4a9f94300d,rocky,13.136700000000001,80.3247,100
ef9530bb-671f-42cf-b85d-9223cdcc1628,rocky,13.136800000000001,80.32480000000001,100
ea1504df-2394-4446-b961-a20d1908c230,rocky,13.1369,80.3249,100
5df7de48-6b81-4342-a5e3-790d9400e9ad,rocky,13.137,80.325,100
3c385d50-e196-40de-b06c-80f926dcf641,rocky,13.1371,80.3251,100
e89eb157-87ec-4c0e-b446-e312a1896aa9,rocky,13.137200000000002,80.32520000000001,100
621b563c-0bf9-498e-8525-0becaf60c19c,rocky,13.137300000000002,80.3253,100
d8404e4c-d1ad-4d18-99a5-0e7c4f375cc6,rocky,13.137400000000001,80.3254,100
be4dd2ad-5d6e-47d3-95fd-ea41fd2bffb4,rocky,13.137500000000001,80.3255,100
01eea0f8-4c74-4019-b1c5-6afb3dc39c10,rocky,13.1376,80.32560000000001,100
c13e7084-68d7-4349-be3f-6de7aec452ab,rocky,13.1377,80.32570000000001,100
72c05a24-e42a-4891-b86e-655b218b9b66,rocky,13.1378,80.3258,100
08bf1a29-4cc1-45b5-9676-bd2501639687,rocky,13.1379,80.3259,100
b39ba582-c49b-421e-affd-5218b3d3cc0f,rocky,13.138000000000002,80.32600000000001,100
463d8a8b-ca23-42a9-8d25-0a1dc34d7038,rocky,13.138100000000001,80.32610000000001,100
0d1c336c-533d-4d4d-925c-dbe8b60018c7,rocky,13.138200000000001,80.3262,100
d54e6f0e-172d-4a2e-b53b-8e3ffdef6bf5,rocky,13.138300000000001,80.3263,100
5729563b-7104-4bbe-9f4c-9be908a1a362,rocky,13.1384,80.3264,100
34bbcba5-9be1-4fc8-a694-88d315d20687,rocky,13.1385,80.32650000000001,100
a737d9ad-5f89-4bb3-bbf8-4cd902559cf2,rocky,13.1386,80.3266,100
3978b9c1-709a-4d02-8ff8-18fa037aa8eb,rocky,13.1387,80.3267,100
fa753c78-ba01-4bdf-9aed-7c640edd6043,rocky,13.138800000000002,80.3268,100
b985ce33-12af-4d41-b9cd-8eac25d9b039,rocky,13.138900000000001,80.32690000000001,100
88c479d0-03bd-4573-87b5-76e3b58d8184,rocky,13.139000000000001,80.327,100
cb546075-6276-4d62-9026-7105cc17ee96,rocky,13.139100000000001,80.3271,100
cb26aee6-53f4-43bc-992d-6417cf162ac5,rocky,13.1392,80.3272,100
8fd4758c-6996-43ee-80ee-b146dfaa00d7,rocky,13.1393,80.32730000000001,100
bba7fdcf-02f4-4d8a-9f21-510a8849068c,rocky,13.1394,80.32740000000001,100
ee127fe8-916e-4fa3-a17d-bdaeea092028,rocky,13.139500000000002,80.3275,100
33809ddb-94e0-414f-95a3-948176f0114c,rocky,13.139600000000002,80.3276,100
095e6dc8-f497-4280-8085-4f3c182e3ac9,rocky,13.139700000000001,80.32770000000001,100
97feb39a-998e-4d91-8785-b36f578b5227,rocky,13.139800000000001,80.32780000000001,100
751171e6-8b13-42ad-b90f-e686c41867d6,rocky,13.1399,80.3279,100
41ddceaa-46ff-4f13-b247-e1ec66222674,rocky,13.14,80.328,100
7754fa16-df20-4bb8-a703-102f0e1cbd71,rocky,13.1401,80.3281,100
4ae2ebce-8824-4b7e-a934-4c00c66838f7,rocky,13.1402,80.32820000000001,100
576d05f4-d34c-4ec9-8d34-4ec774cad0cc,rocky,13.140300000000002,80.3283,100
1cf54f93-2350-44eb-a820-22bc3a8c7daf,rocky,13.140400000000001,80.3284,100
bdae7d16-8b38-4ece-8d39-07cd64ed1aaa,rocky,13.140500000000001,80.3285,100
4c2bb8fa-b89f-4332-ab55-e7a87d8e18d9,rocky,13.140600000000001,80.32860000000001,100
f9906344-b272-4a86-882b-8f7c973b4609,rocky,13.1407,80.32870000000001,100
c8369326-6422-443e-b288-b6a2448e6fb1,rocky,13.1408,80.3288,100
b04c0e64-a1a5-4735-8c8d-2d8063018ef9,rocky,13.1409,80.3289,100
ffded41c-29aa-4983-8d21-c95dca131d04,rocky,13.141,80.32900000000001,100
2cae25fe-81ec-417d-b076-1e661e28177e,rocky,13.141100000000002,80.32910000000001,100
d732398c-6062-4ec8-827a-382d7eae0f1d,rocky,13.141200000000001,80.3292,100
cf9f6a99-5c72-441c-a2a2-0e2a278a4726,rocky,13.141300000000001,80.3293,100
a9f34618-2118-4fb1-8a0f-b48ed5589eab,rocky,13.1414,80.3294,100
295d8a96-765d-45ab-988d-e84e2013e668,rocky,13.1415,80.32950000000001,100
721e1f74-f706-42b0-b6a9-53c4509bb85c,rocky,13.1416,80.3296,100
7cc73814-64cf-4de7-9293-962ac28f3b04,rocky,13.1417,80.3297,100
03a68bb4-71c1-4ba9-8ec8-a61e6e9570bc,rocky,13.141800000000002,80.3298,100
5bf3ff9d-3c4c-49a2-9a42-ea4b97bae9f5,rocky,13.141900000000001,80.32990000000001,100
c0fd7f11-5899-4383-8c21-1f9ee51bef2d,rocky,13.142000000000001,80.33,100
9cbbabf7-4ad0-4165-a476-f29c5591e319,rocky,13.142100000000001,80.3301,100
7be88098-98dc-4748-868a-980948e1708f,rocky,13.1422,80.3302,100
8e9cd883-a7b1-41ec-a0f1-c2c925204874,rocky,13.1423,80.33030000000001,100
ff371c29-3a7f-48b2-953a-a2b1ab4a9e36,rocky,13.1424,80.33040000000001,100
ee2db37a-2e82-4083-a71b-b06e107db315,rocky,13.1425,80.3305,100
6d27472f-a845-4bbd-af9a-6447bddbda9a,rocky,13.142600000000002,80.3306,100
5293dbf0-6931-49ce-9023-13bbda58416f,rocky,13.142700000000001,80.33070000000001,100
8c8f8182-0de4-4370-96a0-7297b6c55d7a,rocky,13.142800000000001,80.33080000000001,100
bc824133-74be-447d-b2d4-ed3771683d92,rocky,13.142900000000001,80.3309,100
c9c117c2-7666-4074-9697-421e4a59e592,rocky,13.143,80.331,100
56ef4a8b-d769-482c-ade0-b07fe26c4613,rocky,13.1431,80.3311,100
443baba9-1ac0-456a-bada-de48808c20f6,rocky,13.1432,80.33120000000001,100
30e4d16f-d77a-4cf8-83a8-84a6b2f6aeba,rocky,13.143300000000002,80.3313,100
3caa19bf-cf83-43c0-85da-6ba206b7a296,rocky,13.143400000000002,80.3314,100
338fc73a-e0a3-4424-abfc-3babe440a457,rocky,13.143500000000001,80.3315,100
68accc0c-c8e3-4fff-812c-7cb38ad32547,rocky,13.143600000000001,80.33160000000001,100
980f6fa3-becd-4d09-90f8-ebb0b7ede873,rocky,13.1437,80.33170000000001,100
86b858ad-7199-4878-9d39-d207fd665cd8,rocky,13.1438,80.3318,100
81cfe958-0cc7-40cd-8d32-2d13cd979882,rocky,13.1439,80.3319,100
394bb499-91b1-4a90-a41d-4cf467092f2e,rocky,13.144,80.33200000000001,100
12a221c3-3f2b-4c4e-81b8-7a6c4d51a9b5,rocky,13.144100000000002,80.33210000000001,100
678b3bd2-35f1-4110-834e-2ff49b795a1a,rocky,13.144200000000001,80.3322,100
7fa4e701-c485-4909-ae4e-a682bf734976,rocky,13.144300000000001,80.3323,100
c281d8d8-54df-40ba-810f-d2e2b538a0fc,rocky,13.144400000000001,80.3324,100
ec5a2659-0316-414a-90a3-fac2812b9650,rocky,13.1445,80.33250000000001,100
3f735922-c01f-4d6e-87d6-8c9f37d979a2,rocky,13.1446,80.3326,100
7855feca-8142-4cb2-9c19-e9995e82ecb6,rocky,13.1447,80.3327,100
60461460-2abc-4471-b5b7-f53ccdaffa22,rocky,13.1448,80.3328,100
1c60465d-d216-4916-99e7-275bbc624940,rocky,13.144900000000002,80.33290000000001,100
532b545b-36d8-491b-936c-59edcf844e25,rocky,13.145000000000001,80.333,100
05812e8e-1c14-4aef-b774-c433ce073e61,rocky,13.145100000000001,80.3331,100
7f815d0e-84ab-44b3-b88b-010dd90a13df,rocky,13.1452,80.3332,100
731202d5-08a1-4c5c-a451-08fe488805bc,rocky,13.1453,80.33330000000001,100
36a85fbc-50ba-4421-9c29-e8313554e38f,rocky,13.1454,80.33340000000001,100
69a72c07-1731-4664-a2a2-5cae9327f546,rocky,13.1455,80.3335,100
5a93780c-3a99-40c0-bceb-6efc5f20723c,rocky,13.145600000000002,80.3336,100
76a417b5-7d55-432c-8ef3-03dfe91c4d80,rocky,13.145700000000001,80.33370000000001,100
606b5ced-9a2e-4fcb-824e-50ae46534f06,rocky,13.145800000000001,80.33380000000001,100
f7e6cb16-db1f-4f88-a57a-9338fc8f31de,rocky,13.145900000000001,80.3339,100
d8a6d681-116f-4564-b2e6-be2444947cf5,rocky,13.146,80.334,100
caad2e2a-d026-41be-af74-fb74fbbf1176,rocky,13.1461,80.3341,100
474c648a-d91b-43d1-9d96-67508566c823,rocky,13.1462,80.33420000000001,100
3f7bd6c7-474e-44fc-9263-332149b8aeae,rocky,13.1463,80.3343,100
97625a93-60e0-452a-9573-8e92e89c0deb,rocky,13.146400000000002,80.3344,100
dbdd08ef-c097-4b11-8299-427e880048cf,rocky,13.146500000000001,80.3345,100
5032a6f6-3efc-4068-9588-53c8092b9859,rocky,13.146600000000001,80.33460000000001,100
b3033c98-504e-45c0-832c-a6f7978b43e2,rocky,13.146700000000001,80.3347,100
3b93597c-8588-4a1c-98f8-a7bd6cfb0305,rocky,13.1468,80.3348,100
f419c6cf-dda1-46fb-844e-976572912fef,rocky,13.1469,80.3349,100
c0dfcd73-9209-4401-a84a-f74f2a44adaf,rocky,13.147,80.33500000000001,100
e39ec981-2d87-4e67-b033-823c8b9bae46,rocky,13.1471,80.33510000000001,100
4663bbef-7759-45f6-b8d3-83fa693c0e2a,rocky,13.147200000000002,80.3352,100
be382c9a-745a-4dad-a0ea-76064ad448c5,rocky,13.147300000000001,80.3353,100
8fab3501-26c0-4a0f-bc65-92b9cfdfbbbd,rocky,13.147400000000001,80.3354,100
d7642636-d618-46f7-aa84-4c4175c7925e,rocky,13.1475,80.33550000000001,100
7ae239fb-59a8-4f91-8dd1-6a7cfeaf6b9b,rocky,13.1476,80.3356,100
9617c35d-fabe-48cc-854c-875920523984,rocky,13.1477,80.3357,100
76cb8c77-dabb-42eb-9950-e562ab509d4a,rocky,13.1478,80.3358,100
2a27db78-67e8-45de-b48e-5154284d57b4,rocky,13.147900000000002,80.33590000000001,100
52782c35-f77e-47f6-954e-7ba799805cd7,rocky,13.148000000000001,80.336,100
4962ce63-2c1d-4abc-9b65-49e15a4d9ca7,rocky,13.148100000000001,80.3361,100
214bed1a-debc-4207-ac57-f73f71885a1d,rocky,13.148200000000001,80.3362,100
a0cb786b-3755-4e73-b8fe-fd401546cff5,rocky,13.1483,80.33630000000001,100
9d9f6a3d-0248-4a3c-967a-76dfb708c2d3,rocky,13.1484,80.33640000000001,100
37913f5a-9a11-42a6-adb8-bae068ad6114,rocky,13.1485,80.3365,100
e97515ab-84c0-4414-b1c9-b3503f665ebe,rocky,13.1486,80.3366,100
ae14b9ab-db80-4806-89c5-741ffde678b4,rocky,13.148700000000002,80.33670000000001,100
8ff8f4d3-34d1-4596-a51a-873e567f71af,rocky,13.148800000000001,80.33680000000001,100
529b25f3-523b-41f7-80ae-c6a9078e6881,rocky,13.148900000000001,80.3369,100
6536194e-9216-4f83-8439-5faf0e593bcd,rocky,13.149000000000001,80.337,100
01e51c87-9e81-4caf-af01-0d5a61471f69,rocky,13.1491,80.3371,100
6e9436ca-3735-45bc-bf86-4255026bbb35,rocky,13.1492,80.33720000000001,100
3b303188-9317-4380-9805-b7a13c9bccd7,rocky,13.1493,80.3373,100
ba8f2be2-2aa6-4224-a72d-64f747dedef8,rocky,13.149400000000002,80.3374,100
f01ddbd9-8a52-4059-8ff0-e786899a3740,rocky,13.149500000000002,80.3375,100
d68821c6-ac98-4a8e-b190-9433f796c028,rocky,13.149600000000001,80.33760000000001,100
a200b80d-35e0-4f6e-8f16-367d78e9d772,rocky,13.149700000000001,80.3377,100
619b6be8-682b-40c9-afea-259c4021a8a2,rocky,13.1498,80.3378,100
13dec21c-2f54-411c-ac00-9d0c8bf70130,rocky,13.1499,80.3379,100
9e0c1ae3-2e5e-4e56-9b83-74d6c3f2f35a,rocky,13.15,80.33800000000001,100
469f375f-d2a8-46fc-a7f6-1ff65e4a4df1,rocky,13.1501,80.33810000000001,100
e0450465-04ac-4144-99bf-a9c0108e0f1c,rocky,13.150200000000002,80.3382,100
df893866-59a4-4cff-b6b1-e288fca5b14c,rocky,13.150300000000001,80.3383,100
5e78843c-ac9f-4b6b-b6a6-cf7e8d53b6c0,rocky,13.150400000000001,80.33840000000001,100
ee13c96c-a348-4d7e-8fc5-32c1f7a9cd1e,rocky,13.150500000000001,80.33850000000001,100
b5285d34-5251-4e0a-8233-c57b69675637,rocky,13.1506,80.3386,100
71ddcab9-1276-4a8c-84ac-41984e1f1c5c,rocky,13.1507,80.3387,100
9eed61ce-edd4-46f5-923c-701d163f393c,rocky,13.1508,80.3388,100
9e24d4ba-5468-4929-b72c-a9006c5efc01,rocky,13.1509,80.33890000000001,100
7bf5c037-f468-4721-a04a-be84a44ce214,rocky,13.151000000000002,80.339,100
ab7572ae-e6e8-4d16-a2a0-e586944935ac,rocky,13.151100000000001,80.3391,100
30074e28-ad2b-49cd-b646-bc626330dd54,rocky,13.151200000000001,80.3392,100
09ff15f7-fb72-482a-9845-233cf0381a91,rocky,13.1513,80.33930000000001,100
183232d6-5969-4e1f-9f8f-7b4bd8f5f5d5,rocky,13.1514,80.33940000000001,100
71d149f4-d3e0-4000-a8f7-870830c2776b,rocky,13.1515,80.3395,100
3157fd5c-ad2a-4c27-b36e-68b3c1a4ff5b,rocky,13.1516,80.3396,100
9a9eca02-7148-401d-8b36-380550dcc3b5,rocky,13.151700000000002,80.33970000000001,100
8e03f91d-50d2-4fb5-8a78-0a0e20c3b740,rocky,13.151800000000001,80.33980000000001,100
6d9b4f1b-84cc-4be4-968e-5991aef411f4,rocky,13.151900000000001,80.3399,100
7ee4fbb7-ef54-4219-b067-4397acc06bcf,rocky,13.152000000000001,80.34,100
50274be3-5579-46af-81c1-cc1b803a2762,rocky,13.1521,80.3401,100
f6487f1d-e94b-4a3b-b593-fc89441cb2bc,rocky,13.1522,80.34020000000001,100
92162088-5ea0-44bf-878c-f81cd0c703c2,rocky,13.1523,80.3403,100
fc439db1-93e7-4ea0-abc8-011b47d00bc0,rocky,13.1524,80.3404,100
1591f5dc-fe3b-4b1d-aff1-1dcc06222bae,rocky,13.152500000000002,80.3405,100
11218450-a067-4838-92dd-ff34c3250743,rocky,13.152600000000001,80.34060000000001,100
f79fe8ef-6af2-4120-b8c3-3e445dd649c9,rocky,13.152700000000001,80.3407,100
60e2e484-9eb8-48a1-940d-c1b658e4b841,rocky,13.152800000000001,80.3408,100
45c5cabb-70cb-4205-aab8-82d8fe4ebaf2,rocky,13.1529,80.3409,100
cb6115b4-aacf-4924-8a88-3e8aa6b021a0,rocky,13.153,80.34100000000001,100
e1c84e2e-52a3-4c41-894c-e1d811833061,rocky,13.1531,80.34110000000001,100
77622c18-527c-49f3-871b-db927d5e4848,rocky,13.153200000000002,80.3412,100
868fd722-9b1b-4e67-9dc2-adfce7d7aac4,rocky,13.153300000000002,80.3413,100
38bc03ab-2559-40a4-9521-354e2ed54bc4,rocky,13.153400000000001,80.34140000000001,100
b913fbc1-4cd4-4381-a36a-ef5028593f8b,rocky,13.153500000000001,80.34150000000001,100
08f8518e-d9ca-4a08-881e-d32758e8f775,rocky,13.1536,80.3416,100
3b249fae-77df-4428-b3fb-720d0e8c7370,rocky,13.1537,80.3417,100
0d3765ec-6538-45f5-ab56-7600b01d4023,rocky,13.1538,80.3418,100
d4c9481f-68e3-47d9-a9cd-f2518dd3cd0c,rocky,13.1539,80.34190000000001,100
7392568c-5ab4-4d85-a329-94fc16c50881,rocky,13.154000000000002,80.342,100
7cf5e54c-119d-41e0-9c01-cce89eba5735,rocky,13.154100000000001,80.3421,100
6caafc0d-4359-445e-99e4-b5c725e19a67,rocky,13.154200000000001,80.3422,100
6377b30e-0f97-405c-a36d-c036b30cf8db,rocky,13.154300000000001,80.34230000000001,100
d0c97179-4d38-4dfb-9b40-a2a338047efe,rocky,13.1544,80.34240000000001,100
6ba2416b-285c-4af3-8c76-3516848ba246,rocky,13.1545,80.3425,100
5555fbe0-f7f1-49fa-a4d4-e97b107116dd,rocky,13.1546,80.3426,100
77282f57-c418-40dc-b1d5-56375562d60a,rocky,13.1547,80.34270000000001,100
0798dfe9-30b4-413a-a1fc-f0444e9f501a,rocky,13.154800000000002,80.34280000000001,100
7648f7eb-d23c-49fb-9bf8-64f02d053c81,rocky,13.154900000000001,80.3429,100
a28e6903-1cbd-48b8-b1b2-bcc3a760c0c6,rocky,13.155000000000001,80.343,100
79c70047-d549-475f-aee5-f942ac8aaeb6,rocky,13.155100000000001,80.3431,100
b263b183-9764-4f7f-ac38-54add778fa50,rocky,13.1552,80.34320000000001,100
ac314daa-c28a-4e68-b676-bbb0ba34cb40,rocky,13.1553,80.3433,100
7a363e43-6e49-4891-a656-ab88d0cb3a56,rocky,13.1554,80.3434,100
c6ae873c-b7bb-435a-ac58-5cfccc332f58,rocky,13.155500000000002,80.3435,100
310a4edc-adf3-4d22-85bc-21d580220a49,rocky,13.155600000000002,80.34360000000001,100
bf94f947-172b-491e-95a4-c49e1fcf1f6a,rocky,13.155700000000001,80.3437,100
303224e5-f43d-456b-a5f6-ba5b09493f35,rocky,13.155800000000001,80.3438,100
3d115532-facf-4b5d-9b5f-77590072e05c,rocky,13.1559,80.3439,100
e26f6a43-cc4a-4d03-a3a1-2cb046aef1f2,rocky,13.156,80.34400000000001,100
9d93fbec-be13-49e0-ba72-b76f912b52fc,rocky,13.1561,80.34410000000001,100
e32353e4-d6db-4574-b7bd-8654a02d6483,rocky,13.1562,80.3442,100
a8ddf19d-c2c1-4665-a3a6-5f2f660ca4c7,rocky,13.156300000000002,80.3443,100
b712b4e9-faa4-40ac-9935-7181a0f16e56,rocky,13.156400000000001,80.34440000000001,100
ccc7078c-433f-4e38-9a10-ebb95adc64df,rocky,13.156500000000001,80.34450000000001,100
74305582-11fe-469a-9ffe-4854e90fa5dd,rocky,13.156600000000001,80.3446,100
840f80b6-5071-482c-b2a1-18f7a65bb5e0,rocky,13.1567,80.3447,100
e29c05e2-cf4c-48bc-8ef9-48bd3b66ffe8,rocky,13.1568,80.3448,100
eeef8ada-868a-4c2c-9fdc-6f710dd7c9a9,rocky,13.1569,80.34490000000001,100
9306559c-10a8-4fcc-a72d-98dc6a321543,rocky,13.157,80.345,100
723c88db-9294-4127-b6c8-131b7ced22a0,rocky,13.157100000000002,80.3451,100
f2a232c9-55c7-4f1a-811d-31649336de0b,rocky,13.157200000000001,80.3452,100
a7ec2189-ec39-4d3f-a980-befed1fb1f5f,rocky,13.157300000000001,80.34530000000001,100
2c763be0-600e-4383-a67f-534593800ac5,rocky,13.1574,80.34540000000001,100
f5d6de79-7394-4089-8870-4d7896adda98,rocky,13.1575,80.3455,100
1ac09044-fdef-410b-b381-dd072f1abcd8,rocky,13.1576,80.3456,100
5d7b2167-54f5-49d6-ae2a-cdec0eb3003c,rocky,13.1577,80.34570000000001,100
683ac3f6-8547-462c-b145-381802beca65,rocky,13.157800000000002,80.34580000000001,100
96fce3a3-747b-4fa1-be06-aec7a8b1e0a3,rocky,13.157900000000001,80.3459,100
1cc4b90c-8557-4d4e-8a5e-e770cdeb5ff5,rocky,13.158000000000001,80.346,100
57e76e56-c6f8-4f67-9831-3fab7a09c4f5,rocky,13.158100000000001,80.3461,100
fa3ffec9-fddc-4660-b524-21904baeb123,rocky,13.1582,80.34620000000001,100
ec7e6202-5c24-456f-a993-6f03d189e3a7,rocky,13.1583,80.3463,100
0ccad449-017f-48c1-ac89-825a5d3595f3,rocky,13.1584,80.3464,100
2e9c0a9b-184e-4101-a72f-cbce8e50a5bc,rocky,13.1585,80.3465,100
4749562d-8f18-434a-ad7f-23689dd462ec,rocky,13.158600000000002,80.34660000000001,100
9cd908a2-b8fe-4266-90f1-1cd6d0025ed4,rocky,13.158700000000001,80.3467,100
1f4d9e52-e3ce-4877-9ad2-f25fb43ec793,rocky,13.158800000000001,80.3468,100
70b38a99-09ac-4d94-9161-d90278ee34c3,rocky,13.158900000000001,80.3469,100
04b07c78-06dc-489a-b4b7-0310a7c45322,rocky,13.159,80.34700000000001,100
7570fc3c-a187-4ff9-be19-9e216520ab59,rocky,13.1591,80.34710000000001,100
94025d82-0f1b-4019-9a44-a177931a755a,rocky,13.1592,80.3472,100
6a9efb65-0a6c-43aa-a700-80f9f6162bdf,rocky,13.159300000000002,80.3473,100
7d7565c5-c93e-4662-96aa-84e3a7bd18af,rocky,13.159400000000002,80.34740000000001,100
47cdd00d-16fe-47f0-9d73-d8a0c15461c4,rocky,13.159500000000001,80.34750000000001,100
3017996d-a226-4d05-8b4a-a100e32e8adb,rocky,13.159600000000001,80.3476,100
01e21cc5-bbc4-48da-a2ad-eb47b3ce2b1f,rocky,13.1597,80.3477,100
8538a2c4-c8c4-42d6-a7c1-4081a695a4d3,rocky,13.1598,80.3478,100
1a5ad7b6-336d-4330-b107-79afc337597a,rocky,13.1599,80.34790000000001,100
856adc8b-16fe-479b-b32c-3cf58004e53c,rocky,13.16,80.348,100
6a4e07fa-6f53-4b9b-aa59-f53510c18ee3,rocky,13.160100000000002,80.3481,100
41298418-0ba0-4b39-91cf-2b0bc9b92acf,rocky,13.160200000000001,80.3482,100
9729ea87-13de-4fbc-b7bd-9baa8befc08a,rocky,13.160300000000001,80.34830000000001,100
670ac051-882c-4576-852d-ab714b3b1335,rocky,13.160400000000001,80.3484,100
67c4a472-a8b1-4161-8e5a-b2a9a550cfb1,rocky,13.1605,80.3485,100
a5ee7eee-a095-4c6f-9b72-fc26f12835c1,rocky,13.1606,80.3486,100
b073705e-1731-4826-9622-69427196342b,rocky,13.1607,80.34870000000001,100
acaa9a3b-8bc9-4218-9eb1-4353b69c92f4,rocky,13.1608,80.34880000000001,100
5748c8ed-616c-4684-931a-9a18b6a6632a,rocky,13.160900000000002,80.3489,100
f8c0a65d-8991-4557-9f08-e3f87e1a6856,rocky,13.161000000000001,80.349,100
aa8a9fb8-d336-4a42-b078-e452b47b0383,rocky,13.161100000000001,80.3491,100
6260dbe3-15d8-4519-bf96-f9fa2218a1fd,rocky,13.161200000000001,80.34920000000001,100
733628dc-949a-4f33-9a54-4de269672617,rocky,13.1613,80.3493,100
bea5a80d-8c38-4062-9b07-4ef17853ce84,rocky,13.1614,80.3494,100
76c0eae8-4292-4300-a2dc-41b819b6eec2,rocky,13.1615,80.3495,100
9ba23cdb-e4e6-499d-9c8d-1b77933659b3,rocky,13.161600000000002,80.34960000000001,100
fd5802d1-f828-4ff6-a2c7-d80c34056e0b,rocky,13.161700000000002,80.3497,100
db872217-03f9-4cf0-8301-407e2ddc12dc,rocky,13.161800000000001,80.3498,100
a841b45a-bbde-4743-85b6-5230348b827b,rocky,13.161900000000001,80.3499,100
1981e07b-aab5-42df-a894-5cd332b9839d,rocky,13.162,80.35000000000001,100
39079acd-5923-4f2f-9806-1d3d684c8c3d,rocky,13.1621,80.35010000000001,100
8f297463-0c48-4775-9e94-ce55ac3d2a06,rocky,13.1622,80.3502,100
e98fa867-39e0-4beb-9ec4-4f1499e0e5fd,rocky,13.1623,80.3503,100
ba65ba3d-0aeb-4ce9-9367-e2836ffbdf14,rocky,13.162400000000002,80.35040000000001,100
cdace1cc-38af-4e82-bde1-739f14b24650,rocky,13.162500000000001,80.35050000000001,100
b065d856-924f-4456-950a-8df6ec82003e,rocky,13.162600000000001,80.3506,100
e61ae542-8c82-46db-b223-876d4ac6cad8,rocky,13.162700000000001,80.3507,100
20682862-9dfd-4ce0-9f54-247b170472b3,rocky,13.1628,80.3508,100
7f440557-db8f-413d-b795-bf1c8cfdf06a,rocky,13.1629,80.35090000000001,100
5b8af5b7-07e7-492d-baaf-bcbbb9e52628,rocky,13.163,80.351,100
fc308dff-c913-4390-9d25-07ca3c087b07,rocky,13.1631,80.3511,100
58c2e1a0-6df0-41d6-ade0-62283eb82914,rocky,13.163200000000002,80.3512,100
1f79d7e4-c915-4363-bfc1-454d982fa16c,rocky,13.163300000000001,80.35130000000001,100
f79a9686-810e-49b3-bdf8-01fdb60ace13,rocky,13.163400000000001,80.3514,100
b09d6dff-a0ed-449a-bb5d-ad2e4e5bfe7a,rocky,13.1635,80.3515,100
efc43d40-03b2-4197-bc88-67c2aabaeed2,rocky,13.1636,80.3516,100
e72aa799-3ae6-49b8-a929-42c08a0decb4,rocky,13.1637,80.35170000000001,100
2872df2f-868a-44b9-83f8-5c84ee05afc5,rocky,13.1638,80.35180000000001,100
f216e725-faf4-4a6e-8f0e-041b250b5ef2,rocky,13.163900000000002,80.3519,100
2a36c438-5d16-4e29-a3ff-db56bfe54377,rocky,13.164000000000001,80.352,100
ef224446-992c-47b2-b83f-7c1febe41c58,rocky,13.164100000000001,80.35210000000001,100
ec922215-ade5-4fc5-940d-c27759a581db,rocky,13.164200000000001,80.35220000000001,100
ecd32d22-662b-4cd3-bacf-fb8976af63cc,rocky,13.1643,80.3523,100
edede676-2082-4ff6-818b-8c3a39461d0f,rocky,13.1644,80.3524,100
f92af52c-ea8f-4b8b-8956-646d783a1198,rocky,13.1645,80.3525,100
34344c84-7780-4139-8c6d-24cbbb236b52,rocky,13.1646,80.35260000000001,100
ab5525fe-9688-44ff-a04c-428bac555a72,rocky,13.164700000000002,80.3527,100
3bfdd7d4-3a04-480d-9b10-fd3cfa2bbbc8,rocky,13.164800000000001,80.3528,100
a5796f11-1c72-4634-839f-f3d90995dcb0,rocky,13.164900000000001,80.3529,100
833a23c5-fc45-42be-8551-2760a0f8f7df,rocky,13.165000000000001,80.35300000000001,100
ebe13d46-046f-457e-b2d9-338c58724f16,rocky,13.1651,80.35310000000001,100
20d09fe9-936b-40b1-88ef-9a8b638fa4ce,rocky,13.1652,80.3532,100
617e1cba-b350-41d7-a9f9-fceabf8b47f3,rocky,13.1653,80.3533,100
e00000f3-24cb-4739-8dac-d33ddf09db01,rocky,13.165400000000002,80.35340000000001,100
4a783acc-2d83-47d9-8f76-36a2526f5ec0,rocky,13.165500000000002,80.35350000000001,100
92bca5ed-52da-4664-b3ff-75af678c7415,rocky,13.165600000000001,80.3536,100
ff33626c-dde1-4642-bd90-f055d510684e,rocky,13.165700000000001,80.3537,100
18f34419-6264-4e64-ab25-411de445878b,rocky,13.1658,80.3538,100
4f9bc359-174e-4251-80eb-968aab3825a3,rocky,13.1659,80.35390000000001,100
f8c9287d-4b62-4346-bf2a-59cecaf555ef,rocky,13.166,80.354,100
c9d4f361-4487-46d0-b153-8d7a02659624,rocky,13.1661,80.3541,100
3e2c0be6-af0a-4340-9dd5-10377a5d52d6,rocky,13.166200000000002,80.3542,100
e6c96315-2b64-4683-8d07-a8551e55950d,rocky,13.166300000000001,80.35430000000001,100
7ee70fc5-9c13-487d-b210-2e891eb2cd40,rocky,13.166400000000001,80.3544,100
2854f472-a446-4d60-a990-f2a54fac4937,rocky,13.166500000000001,80.3545,100
3118311b-5e94-45ad-b451-575fdc055cc9,rocky,13.1666,80.3546,100
f91ecb93-d5e0-4a59-87cd-94b13c84db27,rocky,13.1667,80.35470000000001,100
5da44e20-e17c-4704-8657-7b65ff44c8a5,rocky,13.1668,80.35480000000001,100
2f8caebf-5fdf-407c-aeb6-24821597f5c0,rocky,13.1669,80.3549,100
d9149418-db1a-4e57-a65d-d1d9c97b463b,rocky,13.167000000000002,80.355,100
f4720dac-3743-4953-9396-04a05e1167de,rocky,13.167100000000001,80.35510000000001,100
ce3b4203-5076-4d33-a8f0-dce614219350,rocky,13.167200000000001,80.35520000000001,100
7b6d491c-2c18-47e6-af6d-27323764aca5,rocky,13.167300000000001,80.3553,100
8b339d24-3f15-47ff-98cb-2b4d6641e6a7,rocky,13.1674,80.3554,100
598eb40b-d871-4d6d-904b-66f3b197ee2b,rocky,13.1675,80.3555,100
b963e7a0-b593-4e5b-b6d6-2fecc5a762f9,rocky,13.1676,80.35560000000001,100
db0476a8-ada8-44dd-9e4f-a7fe05ff6df1,rocky,13.167700000000002,80.3557,100
efb1e8f7-a979-4d22-97d8-ce3f9d58cfdd,rocky,13.167800000000002,80.3558,100
9f93ed29-263a-49c4-bb3b-bf5fbb92f97c,rocky,13.167900000000001,80.3559,100
58abe783-6931-48f2-b267-82aaa8f5327a,rocky,13.168000000000001,80.35600000000001,100
6d373575-476e-4cd1-b243-b3043d2a850b,rocky,13.1681,80.35610000000001,100
f9dd9bf7-e454-425f-b509-12d1d2aa1cde,rocky,13.1682,80.3562,100
4fbfc353-742d-4218-ad50-99fe596d2a60,rocky,13.1683,80.3563,100
871ad491-2a09-40cb-beda-ba118d082b04,rocky,13.1684,80.35640000000001,100
c4154cb5-f2e6-4d09-9521-634433cf0152,rocky,13.168500000000002,80.35650000000001,100
a5e5b67d-e97d-4b69-9842-c83974805ced,rocky,13.168600000000001,80.3566,100
f97a76f1-69c7-44f8-9708-d48c0109de9a,rocky,13.168700000000001,80.3567,100
93a38b10-944a-4d3e-ac91-d0bf699db9f8,rocky,13.168800000000001,80.3568,100
d0fda6d1-3147-4561-87dc-0eb68fcd1de5,rocky,13.1689,80.35690000000001,100
53f3226a-6bc0-46bd-b77c-89d48efc4469,rocky,13.169,80.357,100
9222c177-c12e-4966-a83d-3568625da086,rocky,13.1691,80.3571,100
e668da08-96e2-4b19-b323-bc21eeffc13b,rocky,13.1692,80.3572,100
723ce067-c94a-42f3-be01-e53a0a4034ef,rocky,13.169300000000002,80.35730000000001,100
48c3d7eb-a40a-4384-bd5d-9015725d82e0,rocky,13.169400000000001,80.3574,100
797686e4-d0ab-466b-8b22-082f5082c77c,rocky,13.169500000000001,80.3575,100
ef803e96-e81a-43ef-9f1c-48ef0b46ad2c,rocky,13.1696,80.3576,100
da8dfbf3-ddc4-4789-940b-6b1a14b8f660,rocky,13.1697,80.35770000000001,100
1f1083fc-d4ad-4687-a08b-7aa95ee245af,rocky,13.1698,80.35780000000001,100
b46e7414-a8d0-4904-9136-b28300394463,rocky,13.1699,80.3579,100
05070a04-7fe4-48aa-a73a-36db6ff5e343,rocky,13.170000000000002,80.358,100
eedceddb-c8ea-43e6-ba87-adb5caeec89e,rocky,13.170100000000001,80.35810000000001,100
fce75d22-1113-4e0c-9ae5-8f8dee956d5b,rocky,13.170200000000001,80.35820000000001,100
df167ed6-f86a-4cb6-b624-14aa0de8302e,rocky,13.170300000000001,80.3583,100
42814fb0-5ad0-4c3d-b7f3-13a33b1d92a9,rocky,13.1704,80.3584,100
384cfbda-6611-419e-b7e8-c87ccc281154,rocky,13.1705,80.3585,100
b54e73ef-0457-45ef-a65e-67ae5f76ea03,rocky,13.1706,80.35860000000001,100
7d0706b2-3014-4711-92f4-c30cbc6ba3ea,rocky,13.1707,80.3587,100
dd489824-42d1-41e1-a658-f3c13213caa4,rocky,13.170800000000002,80.3588,100
4aabac26-2a59-448a-ac6e-315d4105530b,rocky,13.170900000000001,80.3589,100
03cfca84-bf4a-43e3-9968-a41117668c07,rocky,13.171000000000001,80.35900000000001,100
bfe17c45-af15-4f03-b249-fab062fa0322,rocky,13.171100000000001,80.3591,100
f11c509e-7465-455b-9cdd-b1465087b588,rocky,13.1712,80.3592,100
b175c4c6-169b-49b1-b6eb-a56c24e2ced6,rocky,13.1713,80.3593,100
e604409b-7225-42d4-ab09-43570ede675a,rocky,13.1714,80.35940000000001,100
a4fb7f77-dc60-430f-8d91-759d5edfee29,rocky,13.171500000000002,80.35950000000001,100
ac3d7de9-0c73-43bc-80cd-fa48b2fd25a1,rocky,13.171600000000002,80.3596,100
735b20a3-9335-4784-a9de-35d03d85f2c2,rocky,13.171700000000001,80.3597,100
376732ea-666f-4749-9383-b0efc986b3de,rocky,13.171800000000001,80.3598,100
0bb97714-89e2-4e2f-8a5b-d9c47ed6c09b,rocky,13.1719,80.35990000000001,100
93f7b576-69e3-4df1-980a-d786d8c074e8,rocky,13.172,80.36,100
a2ab5cba-78d0-43aa-b1d2-4d8bd7ec1379,rocky,13.1721,80.3601,100
e2ab2f27-a20a-4be9-85d0-ebb76841c83b,rocky,13.1722,80.3602,100
74c2dd77-edc0-40a2-aaf6-4e3de1d2b658,rocky,13.172300000000002,80.36030000000001,100
4a82add8-1ad3-41a3-acfe-5572dcf71f12,rocky,13.172400000000001,80.3604,100
d5924075-d6de-4117-b141-252eda902cc3,rocky,13.172500000000001,80.3605,100
024e9e38-8c50-4791-8ff0-8d4676270213,rocky,13.172600000000001,80.3606,100
50689b3a-34f4-44c1-9457-059655cdd405,rocky,13.1727,80.36070000000001,100
0abb67b8-d717-4af7-8a0d-6b87290dc9e5,rocky,13.1728,80.36080000000001,100
5c4aee04-1ce8-4dc1-9a75-49d4c2bf2767,rocky,13.1729,80.3609,100
3e0e9bd7-811e-4069-a2c9-689fffc34b85,rocky,13.173,80.361,100
928ebb56-8154-4abe-ad54-61cff203113e,rocky,13.173100000000002,80.36110000000001,100
b7137443-1274-4498-a06b-40e290dcb0d3,rocky,13.173200000000001,80.36120000000001,100
61a141c4-1195-4f2e-a32c-9ce35bb37f52,rocky,13.173300000000001,80.3613,100
716477bb-2a46-4359-814d-a91322a0af69,rocky,13.1734,80.3614,100
01be53d2-8303-49ed-944c-844879d5e0dd,rocky,13.1735,80.3615,100
398491c3-10c7-41f0-8a60-7f06c98f6992,rocky,13.1736,80.36160000000001,100
2320d6ae-63e9-4d67-b5b7-525df09d601c,rocky,13.1737,80.3617,100
e78e3b2b-e16c-447f-b3bc-8cbe8925c130,rocky,13.173800000000002,80.3618,100
dca3815b-258c-4360-9d3d-0d1ce8e2407a,rocky,13.173900000000001,80.3619,100
36163af5-7dbf-4d6e-9cc3-50530a5b4452,rocky,13.174000000000001,80.36200000000001,100
e4f74666-f37c-40eb-852d-65b8db02d7aa,rocky,13.174100000000001,80.3621,100
7325d769-3e38-4b95-a64a-aac88d08d827,rocky,13.1742,80.3622,100
1bfb101f-e865-4d60-89f4-b9f3c179f63f,rocky,13.1743,80.3623,100
453b9532-d644-4927-8145-e3f38db13b7b,rocky,13.1744,80.36240000000001,100
190adf5a-b748-4fea-848a-94c778741c37,rocky,13.1745,80.36250000000001,100
44a242cc-77b2-4f4d-a642-693fb6af68b3,rocky,13.174600000000002,80.3626,100
d06851e0-aad9-4fed-90c5-316b2a61c89c,rocky,13.174700000000001,80.3627,100
d4e262fa-f669-42f2-9b7a-7f86ad06d72c,rocky,13.174800000000001,80.36280000000001,100
b1475214-6b58-4142-b026-fd8ad949900a,rocky,13.174900000000001,80.36290000000001,100
9c816cdc-6e03-44a7-a162-eec85626ceb9,rocky,13.175,80.363,100
153c5122-16cc-4672-9cd1-86d565c97e62,rocky,13.1751,80.3631,100
8eab30eb-de27-461a-915e-db41c5f1ad39,rocky,13.1752,80.3632,100
edd43d8d-0607-4259-a48e-f39686ebd26c,rocky,13.1753,80.36330000000001,100
78da0c3e-3095-4e8b-8e36-fd94e219a660,rocky,13.175400000000002,80.3634,100
8e11fbc6-7055-4873-939d-75abbfb01444,rocky,13.175500000000001,80.3635,100
76911139-08e1-45d6-9a1c-ca441efcf015,rocky,13.175600000000001,80.3636,100
edefd1a1-0646-4c7e-b01c-8fadb0c223e4,rocky,13.1757,80.36370000000001,100
08feb7f3-1104-4366-a490-c04271d1d0e1,rocky,13.1758,80.36380000000001,100
4a26f4a7-c735-4da8-a0db-ae4746d59194,rocky,13.1759,80.3639,100
a5788ee8-1516-4a58-bf1c-dc92edab065b,rocky,13.176,80.364,100
9dcf3227-2058-4fe1-a663-04880c7de659,rocky,13.176100000000002,80.36410000000001,100
11befbf4-909f-4cd5-869f-16b70d7a5e6d,rocky,13.176200000000001,80.36420000000001,100
5f3e4703-b316-4545-b1d8-7e4b3db9c966,rocky,13.176300000000001,80.3643,100
7b26da60-3f29-4841-88d1-d492315bf297,rocky,13.176400000000001,80.3644,100
8ccaae8f-05b0-4d95-944e-c881f98b5247,rocky,13.1765,80.3645,100
d32fa119-1ceb-4202-8e6d-95eb42f87a2a,rocky,13.1766,80.36460000000001,100
b1a27a53-1e4d-4547-8353-afc1a33ffed9,rocky,13.1767,80.3647,100
229456d0-4a65-40c1-9f9f-b11bf2970ce8,rocky,13.1768,80.3648,100
dcac9f18-1c6b-4bba-8aaf-0fa4828149db,rocky,13.176900000000002,80.3649,100
4942a944-461e-4702-991f-7f4d84a6ea64,rocky,13.177000000000001,80.36500000000001,100
e5bf7800-46b8-4341-b221-7ed060e7c144,rocky,13.177100000000001,80.3651,100
62f75a51-89bb-4ff2-b34c-9831431c58f7,rocky,13.177200000000001,80.3652,100
0b48c4c7-1635-4552-9b82-4b30185497b4,rocky,13.1773,80.3653,100
af50c4d4-e1c1-4f30-8a9d-4c6d42764b15,rocky,13.1774,80.36540000000001,100
2cccba60-fa79-484e-9f20-75d3e3f2a896,rocky,13.1775,80.36550000000001,100
f1f4983d-5e9e-4b7b-937e-7c38c730d9bc,rocky,13.177600000000002,80.3656,100
8ca6dd93-3d01-42e8-87ac-59f47b263d71,rocky,13.177700000000002,80.3657,100
e65fc083-e2ee-4f9b-8d95-e22757e4a39c,rocky,13.177800000000001,80.36580000000001,100
928155d2-cfcb-4e65-b54d-d0b6baaf8925,rocky,13.177900000000001,80.36590000000001,100
73f17f7d-bceb-431b-a235-b5d47366675b,rocky,13.178,80.366,100
09f2efc3-1d9a-4ee5-a9dc-e8c430dc7878,rocky,13.1781,80.3661,100
93f15d41-1025-4b3a-b650-329c986288fa,rocky,13.1782,80.3662,100
c6f093ea-7760-43e7-8829-667e8e04c7a0,rocky,13.1783,80.36630000000001,100
e41d1ede-31bf-445c-a4c3-eef1d6db21ac,rocky,13.178400000000002,80.3664,100
936f30e3-8206-4ffc-a10a-9fc9408d1711,rocky,13.178500000000001,80.3665,100
8677b6df-f2cc-4ff6-8252-37aa525f4a5b,rocky,13.178600000000001,80.3666,100
07dae328-d5ba-45fe-8b53-1f0feb7e00ea,rocky,13.178700000000001,80.36670000000001,100
e945395f-23fb-46fe-a565-3c3207a41bc8,rocky,13.1788,80.36680000000001,100
6da21c19-088f-4f86-a322-2d6dc42b300d,rocky,13.1789,80.3669,100
aa622f9d-e6b8-435f-b67f-36f23033b7c9,rocky,13.179,80.367,100
dd3463ee-89e7-4e16-8cb1-d7406b09eb87,rocky,13.1791,80.36710000000001,100
c30e1e3f-46b0-4752-a4dd-ab7aac9149df,rocky,13.179200000000002,80.36720000000001,100
bd618c7d-dc25-469a-a9b9-7c6a3d42dbdb,rocky,13.179300000000001,80.3673,100
931517aa-dbaf-463f-bd0a-4bd2c55c0367,rocky,13.179400000000001,80.3674,100
2fb990e5-8dff-4047-b68a-9ab056e9dcfe,rocky,13.1795,80.3675,100
e65b96cd-67e9-405a-9b0a-22ef4e720a1f,rocky,13.1796,80.36760000000001,100
a77c0ca3-7788-44b1-a7d5-ced52ef42bb3,rocky,13.1797,80.3677,100
2341db8e-331c-4420-8b84-5e72e970002e,rocky,13.1798,80.3678,100
fb35f25d-b92d-4557-863b-b9349ca866eb,rocky,13.179900000000002,80.3679,100
fd3c89aa-4376-4d7f-a80e-c851f0c82f3a,rocky,13.180000000000001,80.36800000000001,100
c5634c21-b767-465f-8fb8-36de8c9bf50e,rocky,13.180100000000001,80.3681,100
74e2b5a1-b250-4af6-b63d-211571452dac,rocky,13.180200000000001,80.3682,100
f384c1ad-5280-4e5f-96ef-c0a730367646,rocky,13.1803,80.3683,100
ec2a130a-f451-4d92-80ef-b901916994dc,rocky,13.1804,80.36840000000001,100
7f826168-f777-4268-8656-4fb593bb7337,rocky,13.1805,80.36850000000001,100
585c8f25-8bfc-456b-b78a-1422a1d43763,rocky,13.1806,80.3686,100
7d16a991-a916-4d8d-9fc2-4a17bf377745,rocky,13.180700000000002,80.3687,100
0ac6676e-2ee9-4ea8-a348-b660baf20734,rocky,13.180800000000001,80.36880000000001,100
e8ce696b-f6e4-448e-bf3d-3a9135218939,rocky,13.180900000000001,80.36890000000001,100
e5c0bbd3-3eac-40e7-b064-efcb04cc449d,rocky,13.181000000000001,80.369,100
ebf83928-4f8b-405c-9c2a-9693501d1fb5,rocky,13.1811,80.3691,100
d2c0e959-988c-491f-a116-21791a7d9ff6,rocky,13.1812,80.3692,100
1dc0fc94-cdd8-4321-9e84-b22fb835cafc,rocky,13.1813,80.36930000000001,100
01345187-d391-4b51-a164-8d670fda361f,rocky,13.1814,80.3694,100
7b1526aa-ddeb-47d7-bfe0-4bebc5a73e02,rocky,13.181500000000002,80.3695,100
ab86780d-922c-4de5-ba04-acd8bbbcd7ed,rocky,13.181600000000001,80.3696,100
6cb906a8-80e9-4214-864f-bab4a52ea0b3,rocky,13.181700000000001,80.36970000000001,100
3ba9d358-6dc3-4a7a-bb9d-f842f7a5b02f,rocky,13.1818,80.36980000000001,100
27f4b24f-fc55-49a8-bec2-083a0e805457,rocky,13.1819,80.3699,100
e005fcd3-2154-406c-b6ec-4bfe0e93860b,rocky,13.182,80.37,100
ee8df2f2-ec8f-4d0e-a9da-ba7978f14854,rocky,13.1821,80.37010000000001,100
3c22eeb6-3338-4267-8f1a-ec04722c05bf,rocky,13.182200000000002,80.37020000000001,100
f5e26535-f57c-4d43-b54b-66d55771e3f5,rocky,13.182300000000001,80.3703,100
3799de38-c608-4716-9663-714112588269,rocky,13.182400000000001,80.3704,100
dde7aaa0-66f2-4f4c-b5d8-3d1fd6fa90d7,rocky,13.182500000000001,80.3705,100
8701fab7-6d17-4569-9390-90944f90f6f0,rocky,13.1826,80.37060000000001,100
12d42f4e-07e3-4892-9b74-a54d2ba5b0e3,rocky,13.1827,80.3707,100
1948611e-4325-4c36-a79f-4ab9ede6c2de,rocky,13.1828,80.3708,100
8b95a37f-b1f1-4cdc-bead-4d1b358805b9,rocky,13.1829,80.3709,100
853037b8-786c-4585-84e6-d4fc23bb82d8,rocky,13.183000000000002,80.37100000000001,100
bb78c39b-e128-40c0-9893-df009501fc88,rocky,13.183100000000001,80.3711,100
